Pipeline,Amplicon,Error simulation,Complexity,Throughput,Rank,Bank,# true positives,# false positives,# false negatives,Precision,Recall,F-measure
BMP,200(V3),No,LC,25000,family,Greengenes,21935,1440,1625,0.938395722,0.931027165,0.934696921
BMP,200(V3),No,LC,25000,genus,Greengenes,10143,1873,12984,0.844124501,0.438578285,0.577241556
BMP,200(V3),No,LC,50000,family,Greengenes,43730,2671,3599,0.942436585,0.923957827,0.933105729
BMP,200(V3),No,LC,50000,genus,Greengenes,20208,3830,25962,0.840668941,0.43768681,0.575660893
BMP,200(V3),No,LC,100000,family,Greengenes,88173,4894,6933,0.947414228,0.927102391,0.937148263
BMP,200(V3),No,LC,100000,genus,Greengenes,40230,7464,52306,0.843502327,0.434749719,0.573771661
BMP,200(V3),No,MC,25000,family,Greengenes,24049,385,566,0.984243268,0.977005891,0.980611226
BMP,200(V3),No,MC,25000,genus,Greengenes,12992,533,11475,0.960591497,0.53100094,0.68393346
BMP,200(V3),No,MC,50000,family,Greengenes,48288,594,1118,0.987848288,0.977371169,0.9825818
BMP,200(V3),No,MC,50000,genus,Greengenes,25942,1047,23011,0.961206417,0.529936878,0.683205604
BMP,200(V3),No,MC,100000,family,Greengenes,96259,1268,2473,0.986998472,0.974952396,0.980938454
BMP,200(V3),No,MC,100000,genus,Greengenes,51676,2004,46320,0.96266766,0.527327646,0.681399826
BMP,200(V3),No,HC,25000,family,Greengenes,20788,1939,2273,0.914682976,0.901435324,0.908010833
BMP,200(V3),No,HC,25000,genus,Greengenes,14340,2624,8036,0.8453195,0.640865213,0.729028978
BMP,200(V3),No,HC,50000,family,Greengenes,40911,3808,5281,0.914846039,0.885672844,0.9000231
BMP,200(V3),No,HC,50000,genus,Greengenes,28496,5340,16164,0.842179927,0.638065383,0.726049735
BMP,200(V3),No,HC,100000,family,Greengenes,82544,6486,10970,0.927148152,0.882691362,0.90437374
BMP,200(V3),No,HC,100000,genus,Greengenes,57194,10477,32329,0.845177402,0.638874926,0.727686807
BMP,400(V4-V5),No,LC,25000,family,Greengenes,22970,818,1212,0.965612914,0.949880076,0.957681885
BMP,400(V4-V5),No,LC,25000,genus,Greengenes,10276,9435,5289,0.521333266,0.660199165,0.582605738
BMP,400(V4-V5),No,LC,50000,family,Greengenes,46055,1356,2589,0.971399042,0.946776581,0.95892978
BMP,400(V4-V5),No,LC,50000,genus,Greengenes,20693,18804,10503,0.523913209,0.663322221,0.585432787
BMP,400(V4-V5),No,LC,100000,family,Greengenes,91195,3327,5478,0.964801845,0.943334747,0.95394754
BMP,400(V4-V5),No,LC,100000,genus,Greengenes,41654,38011,20335,0.522864495,0.671957928,0.588109054
BMP,400(V4-V5),No,MC,25000,family,Greengenes,24401,265,334,0.989256466,0.986496867,0.987874739
BMP,400(V4-V5),No,MC,25000,genus,Greengenes,8079,2871,14050,0.737808219,0.365086538,0.488467003
BMP,400(V4-V5),No,MC,50000,family,Greengenes,48897,374,729,0.992409328,0.98531012,0.988846982
BMP,400(V4-V5),No,MC,50000,genus,Greengenes,16278,16017,17705,0.504040873,0.479004208,0.491203718
BMP,400(V4-V5),No,MC,100000,family,Greengenes,97730,799,1471,0.991890712,0.98517152,0.988519699
BMP,400(V4-V5),No,MC,100000,genus,Greengenes,31775,32290,35935,0.495980645,0.469280756,0.48226143
BMP,400(V4-V5),No,HC,25000,family,Greengenes,22234,1000,1766,0.956959628,0.926416667,0.941440488
BMP,400(V4-V5),No,HC,25000,genus,Greengenes,14506,3023,7471,0.827542929,0.660053692,0.734369463
BMP,400(V4-V5),No,HC,50000,family,Greengenes,44260,1962,3778,0.957552681,0.921353928,0.939104604
BMP,400(V4-V5),No,HC,50000,genus,Greengenes,28607,6291,15102,0.81973179,0.654487634,0.727848665
BMP,400(V4-V5),No,HC,100000,family,Greengenes,87511,4851,7638,0.9474784,0.919725904,0.933395907
BMP,400(V4-V5),No,HC,100000,genus,Greengenes,58694,11603,29703,0.83494317,0.663981809,0.739712907
BMP,200(V3),Yes,LC,25000,family,Greengenes,21195,1474,2331,0.934977282,0.900918133,0.917631778
BMP,200(V3),Yes,LC,25000,genus,Greengenes,9473,6034,9493,0.610885407,0.499472741,0.549589534
BMP,200(V3),Yes,LC,50000,family,Greengenes,41677,2969,5354,0.933499082,0.886160192,0.90921387
BMP,200(V3),Yes,LC,50000,genus,Greengenes,19248,11280,19472,0.630503145,0.497107438,0.555914972
BMP,200(V3),Yes,LC,100000,family,Greengenes,81470,8858,9672,0.90193517,0.89387988,0.897889458
BMP,200(V3),Yes,LC,100000,genus,Greengenes,37775,23789,38436,0.613589111,0.495663356,0.54835783
BMP,200(V3),Yes,MC,25000,family,Greengenes,23537,734,729,0.969758148,0.969957966,0.969858046
BMP,200(V3),Yes,MC,25000,genus,Greengenes,14725,3197,7078,0.821615891,0.675365775,0.741346759
BMP,200(V3),Yes,MC,50000,family,Greengenes,47682,783,1535,0.983844011,0.968811589,0.976269937
BMP,200(V3),Yes,MC,50000,genus,Greengenes,28653,5152,16195,0.847596509,0.638891366,0.728592679
BMP,200(V3),Yes,MC,100000,family,Greengenes,94754,1617,3629,0.983221093,0.963113546,0.973063454
BMP,200(V3),Yes,MC,100000,genus,Greengenes,56516,11656,31828,0.829020712,0.639726524,0.722175369
BMP,200(V3),Yes,HC,25000,family,Greengenes,19536,2049,3415,0.905072967,0.851204741,0.877312736
BMP,200(V3),Yes,HC,25000,genus,Greengenes,12482,2764,9754,0.818706546,0.561341968,0.666026359
BMP,200(V3),Yes,HC,50000,family,Greengenes,38333,4022,7645,0.905040727,0.833724825,0.867920256
BMP,200(V3),Yes,HC,50000,genus,Greengenes,25660,5638,18702,0.819860694,0.578422975,0.678297647
BMP,200(V3),Yes,HC,100000,family,Greengenes,78954,7600,13446,0.912193544,0.854480519,0.882394358
BMP,200(V3),Yes,HC,100000,genus,Greengenes,53573,11911,34516,0.81810824,0.608169011,0.697687745
BMP,400(V4-V5),Yes,LC,25000,family,Greengenes,20610,477,3913,0.977379428,0.84043551,0.903749178
BMP,400(V4-V5),Yes,LC,25000,genus,Greengenes,9331,2060,13609,0.819155474,0.406756757,0.543590341
BMP,400(V4-V5),Yes,LC,50000,family,Greengenes,41169,1171,7660,0.972342938,0.843126011,0.903135934
BMP,400(V4-V5),Yes,LC,50000,genus,Greengenes,18895,5049,26056,0.789132977,0.4203466,0.548515857
BMP,400(V4-V5),Yes,LC,100000,family,Greengenes,79951,2302,17747,0.972013179,0.81834838,0.888586337
BMP,400(V4-V5),Yes,LC,100000,genus,Greengenes,37593,10004,52403,0.789818686,0.417718565,0.546437682
BMP,400(V4-V5),Yes,MC,25000,family,Greengenes,22319,173,2508,0.992308376,0.898980948,0.943341998
BMP,400(V4-V5),Yes,MC,25000,genus,Greengenes,7639,2445,14916,0.757536692,0.338683219,0.468090321
BMP,400(V4-V5),Yes,MC,50000,family,Greengenes,43438,265,6297,0.993936343,0.873388961,0.929771613
BMP,400(V4-V5),Yes,MC,50000,genus,Greengenes,14704,2513,32783,0.854039612,0.309642639,0.454500495
BMP,400(V4-V5),Yes,MC,100000,family,Greengenes,85403,626,13971,0.992723384,0.859409906,0.921268804
BMP,400(V4-V5),Yes,MC,100000,genus,Greengenes,29272,6190,64538,0.825446957,0.312034964,0.452874559
BMP,400(V4-V5),Yes,HC,25000,family,Greengenes,19969,790,4241,0.961944217,0.824824453,0.888122929
BMP,400(V4-V5),Yes,HC,25000,genus,Greengenes,13837,2123,9040,0.86697995,0.604843292,0.712567912
BMP,400(V4-V5),Yes,HC,50000,family,Greengenes,40086,1746,8168,0.958261618,0.830729059,0.889949604
BMP,400(V4-V5),Yes,HC,50000,genus,Greengenes,27551,3613,18836,0.884064947,0.593937957,0.710525976
BMP,400(V4-V5),Yes,HC,100000,family,Greengenes,80139,3757,16104,0.955218366,0.832673545,0.889746252
BMP,400(V4-V5),Yes,HC,100000,genus,Greengenes,55568,8251,36181,0.870712484,0.605652378,0.714388563
BMP,200(V3),No,LC,25000,family,SILVA,21828,538,2634,0.975945632,0.892322786,0.932262749
BMP,200(V3),No,LC,25000,genus,SILVA,11600,1237,12163,0.903637922,0.488153853,0.633879781
BMP,200(V3),No,LC,50000,family,SILVA,43593,1177,5230,0.973710074,0.892878357,0.931544026
BMP,200(V3),No,LC,50000,genus,SILVA,23199,2248,24553,0.911659528,0.485822583,0.633861118
BMP,200(V3),No,LC,100000,family,SILVA,87899,1989,10112,0.977872464,0.896827907,0.93559838
BMP,200(V3),No,LC,100000,genus,SILVA,46530,4076,49394,0.919456191,0.485071515,0.63509179
BMP,200(V3),No,MC,25000,family,SILVA,23976,178,846,0.99263062,0.965917331,0.9790918
BMP,200(V3),No,MC,25000,genus,SILVA,13362,343,11295,0.974972638,0.541915075,0.69662687
BMP,200(V3),No,MC,50000,family,SILVA,48084,205,1711,0.995754727,0.96563912,0.980465723
BMP,200(V3),No,MC,50000,genus,SILVA,26750,537,22713,0.980320299,0.540808281,0.697068404
BMP,200(V3),No,MC,100000,family,SILVA,96180,586,3234,0.993944154,0.967469371,0.980528086
BMP,200(V3),No,MC,100000,genus,SILVA,53346,1256,45398,0.97699718,0.540245483,0.695759915
BMP,200(V3),No,HC,25000,family,SILVA,20765,827,3408,0.961698777,0.859016258,0.907462034
BMP,200(V3),No,HC,25000,genus,SILVA,16594,1655,6751,0.909310099,0.710816021,0.797903544
BMP,200(V3),No,HC,50000,family,SILVA,40992,2106,6902,0.951134623,0.855890091,0.901002286
BMP,200(V3),No,HC,50000,genus,SILVA,33011,5554,11435,0.855983405,0.742721505,0.795340377
BMP,200(V3),No,HC,100000,family,SILVA,82719,2469,14812,0.971017045,0.848130338,0.905423081
BMP,200(V3),No,HC,100000,genus,SILVA,67536,8875,23589,0.883851801,0.741135802,0.806226721
BMP,400(V4-V5),No,LC,25000,family,SILVA,23629,327,1044,0.986349975,0.95768654,0.971806946
BMP,400(V4-V5),No,LC,25000,genus,SILVA,13130,2074,9796,0.863588529,0.572712204,0.688696564
BMP,400(V4-V5),No,LC,50000,family,SILVA,46911,537,2552,0.988682347,0.948405879,0.968125393
BMP,400(V4-V5),No,LC,50000,genus,SILVA,26150,3852,19998,0.871608559,0.56665511,0.686802364
BMP,400(V4-V5),No,LC,100000,family,SILVA,93477,689,5834,0.992683134,0.941255249,0.966285398
BMP,400(V4-V5),No,LC,100000,genus,SILVA,51832,8069,40099,0.865294402,0.563814165,0.682754624
BMP,400(V4-V5),No,MC,25000,family,SILVA,24591,88,321,0.996434215,0.987114644,0.991752536
BMP,400(V4-V5),No,MC,25000,genus,SILVA,18761,3211,3028,0.853859457,0.861030795,0.857430132
BMP,400(V4-V5),No,MC,50000,family,SILVA,49136,141,723,0.997138625,0.985499107,0.9912847
BMP,400(V4-V5),No,MC,50000,genus,SILVA,32573,1195,16232,0.964611466,0.667411126,0.788950383
BMP,400(V4-V5),No,MC,100000,family,SILVA,98210,303,1487,0.996924264,0.985084807,0.990969174
BMP,400(V4-V5),No,MC,100000,genus,SILVA,64728,2366,32906,0.964736042,0.66296577,0.785877325
BMP,400(V4-V5),No,HC,25000,family,SILVA,22898,360,1742,0.984521455,0.929301948,0.956115078
BMP,400(V4-V5),No,HC,25000,genus,SILVA,18492,2903,3605,0.864314092,0.836855682,0.850363285
BMP,400(V4-V5),No,HC,50000,family,SILVA,45431,716,3853,0.984484365,0.921820469,0.952122476
BMP,400(V4-V5),No,HC,50000,genus,SILVA,36830,5712,7458,0.865732688,0.83160224,0.848324312
BMP,400(V4-V5),No,HC,100000,family,SILVA,90879,1436,7685,0.984444565,0.922030356,0.952215802
BMP,400(V4-V5),No,HC,100000,genus,SILVA,73595,11520,14885,0.864653704,0.831769892,0.847893084
BMP,200(V3),Yes,LC,25000,family,SILVA,20775,829,3396,0.961627476,0.859501055,0.90770071
BMP,200(V3),Yes,LC,25000,genus,SILVA,12125,3484,9391,0.776795439,0.563534114,0.653198653
BMP,200(V3),Yes,LC,50000,family,SILVA,39737,1957,8306,0.953062791,0.827113211,0.885632459
BMP,200(V3),Yes,LC,50000,genus,SILVA,24552,6780,18668,0.783607813,0.568070338,0.658654362
BMP,200(V3),Yes,LC,100000,family,SILVA,80356,3007,16637,0.963928841,0.828472158,0.891082082
BMP,200(V3),Yes,LC,100000,genus,SILVA,47425,17529,35046,0.730132093,0.575050624,0.643377989
BMP,200(V3),Yes,MC,25000,family,SILVA,23211,260,1529,0.9889225,0.938197251,0.962892286
BMP,200(V3),Yes,MC,25000,genus,SILVA,17331,2121,5548,0.890962369,0.757506884,0.818832534
BMP,200(V3),Yes,MC,50000,family,SILVA,46582,409,3009,0.991296206,0.939323668,0.964610383
BMP,200(V3),Yes,MC,50000,genus,SILVA,34442,5454,10104,0.863294566,0.773178288,0.815755193
BMP,200(V3),Yes,MC,100000,family,SILVA,92711,938,6351,0.989983876,0.935888635,0.962176523
BMP,200(V3),Yes,MC,100000,genus,SILVA,72862,5295,21843,0.93225175,0.769357478,0.843007717
BMP,200(V3),Yes,HC,25000,family,SILVA,19716,1089,4195,0.947656813,0.824557735,0.881832006
BMP,200(V3),Yes,HC,25000,genus,SILVA,15296,1995,7709,0.884622058,0.664898935,0.759182053
BMP,200(V3),Yes,HC,50000,family,SILVA,38884,2114,9002,0.948436509,0.812011862,0.874938122
BMP,200(V3),Yes,HC,50000,genus,SILVA,31156,4241,14603,0.880187587,0.680871523,0.767805215
BMP,200(V3),Yes,HC,100000,family,SILVA,79248,4179,16573,0.949908303,0.827042089,0.884227439
BMP,200(V3),Yes,HC,100000,genus,SILVA,64867,8211,26922,0.887640603,0.706696881,0.786900957
BMP,400(V4-V5),Yes,LC,25000,family,SILVA,20749,324,3927,0.984624875,0.840857513,0.907079936
BMP,400(V4-V5),Yes,LC,25000,genus,SILVA,11299,2080,11621,0.844532476,0.492975567,0.622551585
BMP,400(V4-V5),Yes,LC,50000,family,SILVA,41266,672,8062,0.983976346,0.836563412,0.904301711
BMP,400(V4-V5),Yes,LC,50000,genus,SILVA,22778,5248,21974,0.812745308,0.508982839,0.625958394
BMP,400(V4-V5),Yes,LC,100000,family,SILVA,80509,1414,18077,0.98273989,0.816637251,0.892022004
BMP,400(V4-V5),Yes,LC,100000,genus,SILVA,45239,12108,42653,0.788864282,0.514711237,0.622959398
BMP,400(V4-V5),Yes,MC,25000,family,SILVA,22347,93,2560,0.995855615,0.89721765,0.943966883
BMP,400(V4-V5),Yes,MC,25000,genus,SILVA,17019,2426,5555,0.87523785,0.753920439,0.810062115
BMP,400(V4-V5),Yes,MC,50000,family,SILVA,43490,169,6341,0.996129091,0.872749895,0.930366884
BMP,400(V4-V5),Yes,MC,50000,genus,SILVA,33097,2489,14414,0.930056764,0.696617625,0.796587121
BMP,400(V4-V5),Yes,MC,100000,family,SILVA,85488,299,14213,0.996514623,0.857443757,0.921763133
BMP,400(V4-V5),Yes,MC,100000,genus,SILVA,64902,4628,30470,0.933438803,0.680514197,0.787158433
BMP,400(V4-V5),Yes,HC,25000,family,SILVA,20234,415,4351,0.979902174,0.823022168,0.894636778
BMP,400(V4-V5),Yes,HC,25000,genus,SILVA,16582,2957,5461,0.848661651,0.752256952,0.797556635
BMP,400(V4-V5),Yes,HC,50000,family,SILVA,40418,857,8725,0.979236826,0.822456911,0.894025526
BMP,400(V4-V5),Yes,HC,50000,genus,SILVA,32441,5923,11636,0.845610468,0.736007442,0.787011317
BMP,400(V4-V5),Yes,HC,100000,family,SILVA,81486,1954,16560,0.976581975,0.831099688,0.897986622
BMP,400(V4-V5),Yes,HC,100000,genus,SILVA,66206,12094,21700,0.845542784,0.753145405,0.796674007
kraken,200(V3),No,LC,25000,family,MiniKraken DB,22711,0,2289,1,0.90844,0.952023642
kraken,200(V3),No,LC,25000,genus,MiniKraken DB,13978,0,11022,1,0.55912,0.717225101
kraken,200(V3),No,LC,50000,family,MiniKraken DB,45454,0,4546,1,0.90908,0.952374966
kraken,200(V3),No,LC,50000,genus,MiniKraken DB,27780,0,22220,1,0.5556,0.714322448
kraken,200(V3),No,LC,100000,family,MiniKraken DB,90751,0,9249,1,0.90751,0.951512705
kraken,200(V3),No,LC,100000,genus,MiniKraken DB,55318,0,44682,1,0.55318,0.712319242
kraken,200(V3),No,MC,25000,family,MiniKraken DB,24314,0,686,1,0.97256,0.986089143
kraken,200(V3),No,MC,25000,genus,MiniKraken DB,14089,0,10911,1,0.56356,0.720867763
kraken,200(V3),No,MC,50000,family,MiniKraken DB,48638,0,1362,1,0.97276,0.986191934
kraken,200(V3),No,MC,50000,genus,MiniKraken DB,28040,0,21960,1,0.5608,0.718605843
kraken,200(V3),No,MC,100000,family,MiniKraken DB,97369,0,2631,1,0.97369,0.986669639
kraken,200(V3),No,MC,100000,genus,MiniKraken DB,56035,0,43965,1,0.56035,0.718236293
kraken,200(V3),No,HC,25000,family,MiniKraken DB,21705,0,3295,1,0.8682,0.929450808
kraken,200(V3),No,HC,25000,genus,MiniKraken DB,19823,0,5177,1,0.79292,0.884501261
kraken,200(V3),No,HC,50000,family,MiniKraken DB,43434,0,6566,1,0.86868,0.929725796
kraken,200(V3),No,HC,50000,genus,MiniKraken DB,39329,0,10671,1,0.78658,0.880542713
kraken,200(V3),No,HC,100000,family,MiniKraken DB,86830,0,13170,1,0.8683,0.929508109
kraken,200(V3),No,HC,100000,genus,MiniKraken DB,79006,0,20994,1,0.79006,0.882719015
kraken,400(V4-V5),No,LC,25000,family,MiniKraken DB,24124,0,876,1,0.96496,0.982167576
kraken,400(V4-V5),No,LC,25000,genus,MiniKraken DB,23623,357,1020,0.985112594,0.958608936,0.971680069
kraken,400(V4-V5),No,LC,50000,family,MiniKraken DB,48273,0,1727,1,0.96546,0.982426506
kraken,400(V4-V5),No,LC,50000,genus,MiniKraken DB,47283,676,2041,0.985904627,0.95862055,0.972071174
kraken,400(V4-V5),No,LC,100000,family,MiniKraken DB,96540,0,3460,1,0.9654,0.982395441
kraken,400(V4-V5),No,LC,100000,genus,MiniKraken DB,94468,1346,4186,0.985951949,0.957568877,0.97155316
kraken,400(V4-V5),No,MC,25000,family,MiniKraken DB,24755,0,245,1,0.9902,0.995075872
kraken,400(V4-V5),No,MC,25000,genus,MiniKraken DB,24606,91,303,0.996315342,0.987835722,0.992057412
kraken,400(V4-V5),No,MC,50000,family,MiniKraken DB,49436,0,564,1,0.98872,0.99432801
kraken,400(V4-V5),No,MC,50000,genus,MiniKraken DB,49164,183,653,0.996291568,0.986892025,0.991569521
kraken,400(V4-V5),No,MC,100000,family,MiniKraken DB,98969,0,1031,1,0.98969,0.994818288
kraken,400(V4-V5),No,MC,100000,genus,MiniKraken DB,98470,354,1176,0.996417874,0.988198222,0.992291026
kraken,400(V4-V5),No,HC,25000,family,MiniKraken DB,23827,0,1173,1,0.95308,0.975976406
kraken,400(V4-V5),No,HC,25000,genus,MiniKraken DB,22986,524,1490,0.977711612,0.93912404,0.958029425
kraken,400(V4-V5),No,HC,50000,family,MiniKraken DB,47615,0,2385,1,0.9523,0.97556728
kraken,400(V4-V5),No,HC,50000,genus,MiniKraken DB,46255,928,2817,0.980331899,0.942594555,0.96109293
kraken,400(V4-V5),No,HC,100000,family,MiniKraken DB,95163,0,4837,1,0.95163,0.975215589
kraken,400(V4-V5),No,HC,100000,genus,MiniKraken DB,92233,1962,5805,0.979170869,0.940788266,0.959595907
kraken,200(V3),Yes,LC,25000,family,MiniKraken DB,18880,109,6011,0.994259835,0.758507091,0.860528715
kraken,200(V3),Yes,LC,25000,genus,MiniKraken DB,11616,107,13277,0.990872644,0.466637207,0.634476731
kraken,200(V3),Yes,LC,50000,family,MiniKraken DB,35861,207,13932,0.994260841,0.720201635,0.835326866
kraken,200(V3),Yes,LC,50000,genus,MiniKraken DB,23136,210,26654,0.991004883,0.464671621,0.632684314
kraken,200(V3),Yes,LC,100000,family,MiniKraken DB,69400,435,30165,0.993771032,0.69703209,0.819362456
kraken,200(V3),Yes,LC,100000,genus,MiniKraken DB,44930,459,54611,0.989887418,0.451371797,0.62002346
kraken,200(V3),Yes,MC,25000,family,MiniKraken DB,22175,91,2734,0.995913051,0.890240475,0.940116587
kraken,200(V3),Yes,MC,25000,genus,MiniKraken DB,12775,92,12133,0.992849926,0.512887426,0.676373263
kraken,200(V3),Yes,MC,50000,family,MiniKraken DB,44356,209,5435,0.995310221,0.890843727,0.940183984
kraken,200(V3),Yes,MC,50000,genus,MiniKraken DB,25335,232,24433,0.990925803,0.509062048,0.672595739
kraken,200(V3),Yes,MC,100000,family,MiniKraken DB,89079,414,10507,0.99537394,0.894493202,0.942241074
kraken,200(V3),Yes,MC,100000,genus,MiniKraken DB,50605,435,48960,0.991477273,0.508260935,0.672022841
kraken,200(V3),Yes,HC,25000,family,MiniKraken DB,17200,88,7712,0.994909764,0.690430315,0.815165877
kraken,200(V3),Yes,HC,25000,genus,MiniKraken DB,16022,115,8863,0.99287352,0.643841672,0.781141826
kraken,200(V3),Yes,HC,50000,family,MiniKraken DB,36067,232,13701,0.993608639,0.72470262,0.838114492
kraken,200(V3),Yes,HC,50000,genus,MiniKraken DB,31871,229,17900,0.992866044,0.640352816,0.778566281
kraken,200(V3),Yes,HC,100000,family,MiniKraken DB,69414,452,30134,0.993530473,0.697291759,0.819460021
kraken,200(V3),Yes,HC,100000,genus,MiniKraken DB,64089,459,35452,0.992889013,0.64384525,0.781149254
kraken,400(V4-V5),Yes,LC,25000,family,MiniKraken DB,22364,32,2604,0.998571173,0.895706504,0.944345917
kraken,400(V4-V5),Yes,LC,25000,genus,MiniKraken DB,21357,312,3331,0.985601551,0.86507615,0.921414242
kraken,400(V4-V5),Yes,LC,50000,family,MiniKraken DB,45050,100,4850,0.997785161,0.902805611,0.947922146
kraken,400(V4-V5),Yes,LC,50000,genus,MiniKraken DB,42586,630,6784,0.985422066,0.862588617,0.919923099
kraken,400(V4-V5),Yes,LC,100000,family,MiniKraken DB,92955,196,6849,0.997895889,0.931375496,0.963488896
kraken,400(V4-V5),Yes,LC,100000,genus,MiniKraken DB,87553,1233,11214,0.986112675,0.886460052,0.933634759
kraken,400(V4-V5),Yes,MC,25000,family,MiniKraken DB,24145,6,849,0.999751563,0.966031848,0.982602503
kraken,400(V4-V5),Yes,MC,25000,genus,MiniKraken DB,23207,95,1698,0.995923097,0.931820919,0.962806231
kraken,400(V4-V5),Yes,MC,50000,family,MiniKraken DB,48536,19,1445,0.999608691,0.971089014,0.985142486
kraken,400(V4-V5),Yes,MC,50000,genus,MiniKraken DB,46545,208,3247,0.995551088,0.934788721,0.964213579
kraken,400(V4-V5),Yes,MC,100000,family,MiniKraken DB,97847,64,2089,0.999346345,0.979096622,0.989117854
kraken,400(V4-V5),Yes,MC,100000,genus,MiniKraken DB,93569,390,6041,0.995849253,0.939353479,0.966776705
kraken,400(V4-V5),Yes,HC,25000,family,MiniKraken DB,22845,63,2092,0.997249869,0.916108594,0.954958721
kraken,400(V4-V5),Yes,HC,25000,genus,MiniKraken DB,21300,451,3249,0.979265321,0.86765245,0.920086393
kraken,400(V4-V5),Yes,HC,50000,family,MiniKraken DB,45216,137,4647,0.996979252,0.906804645,0.949756343
kraken,400(V4-V5),Yes,HC,50000,genus,MiniKraken DB,43707,867,5426,0.980549199,0.889565058,0.932843864
kraken,400(V4-V5),Yes,HC,100000,family,MiniKraken DB,89512,229,10259,0.997448212,0.89717453,0.944657858
kraken,400(V4-V5),Yes,HC,100000,genus,MiniKraken DB,87154,1734,11112,0.980492305,0.886919179,0.931361339
mothur,200(V3),No,LC,25000,family,SILVA,20481,637,3882,0.969836159,0.840660017,0.900639828
mothur,200(V3),No,LC,25000,genus,SILVA,10707,957,13336,0.917952675,0.445327122,0.599714342
mothur,200(V3),No,LC,50000,family,SILVA,41100,1267,7633,0.970094649,0.843371022,0.902305159
mothur,200(V3),No,LC,50000,genus,SILVA,21849,1947,26204,0.918179526,0.454685451,0.608192181
mothur,200(V3),No,LC,100000,family,SILVA,82194,2483,15323,0.970676807,0.842868423,0.90226901
mothur,200(V3),No,LC,100000,genus,SILVA,42591,3905,53504,0.916014281,0.443217649,0.597386932
mothur,200(V3),No,MC,25000,family,SILVA,23706,173,1121,0.992755141,0.954847545,0.973432431
mothur,200(V3),No,MC,25000,genus,SILVA,13281,315,11404,0.976831421,0.53801904,0.693869021
mothur,200(V3),No,MC,50000,family,SILVA,47293,385,2322,0.991924997,0.953199637,0.972176827
mothur,200(V3),No,MC,50000,genus,SILVA,26122,692,23186,0.974192586,0.529772045,0.686319329
mothur,200(V3),No,MC,100000,family,SILVA,94711,669,4620,0.992985951,0.95348884,0.972836666
mothur,200(V3),No,MC,100000,genus,SILVA,52445,1133,46422,0.978853261,0.530460113,0.688051428
mothur,200(V3),No,HC,25000,family,SILVA,18362,860,5778,0.955259598,0.76064623,0.846916655
mothur,200(V3),No,HC,25000,genus,SILVA,15225,1592,8183,0.905333888,0.65041866,0.75699192
mothur,200(V3),No,HC,50000,family,SILVA,36383,1726,11891,0.954708861,0.753676928,0.842364817
mothur,200(V3),No,HC,50000,genus,SILVA,29342,2717,17941,0.915250008,0.620561301,0.739633485
mothur,200(V3),No,HC,100000,family,SILVA,74729,3451,21820,0.955858276,0.774000766,0.855370316
mothur,200(V3),No,HC,100000,genus,SILVA,61059,6397,32544,0.905167813,0.652318836,0.758219038
mothur,400(V4-V5),No,LC,25000,family,SILVA,21393,482,3125,0.977965714,0.872542622,0.922251202
mothur,400(V4-V5),No,LC,25000,genus,SILVA,12124,984,11892,0.92493134,0.504830113,0.653162375
mothur,400(V4-V5),No,LC,50000,family,SILVA,42804,1039,6157,0.976301804,0.87424685,0.922460239
mothur,400(V4-V5),No,LC,50000,genus,SILVA,23844,2040,24116,0.921186834,0.497164304,0.645793836
mothur,400(V4-V5),No,LC,100000,family,SILVA,85713,2055,12232,0.976585999,0.875113584,0.923069467
mothur,400(V4-V5),No,LC,100000,genus,SILVA,48682,4175,47143,0.9210133,0.508030264,0.654847258
mothur,400(V4-V5),No,MC,25000,family,SILVA,23956,160,884,0.993365401,0.964412238,0.978674728
mothur,400(V4-V5),No,MC,25000,genus,SILVA,13451,296,11253,0.978468029,0.544486723,0.699643702
mothur,400(V4-V5),No,MC,50000,family,SILVA,47875,285,1840,0.994082226,0.962989038,0.978288633
mothur,400(V4-V5),No,MC,50000,genus,SILVA,26927,599,22474,0.978238756,0.545069938,0.700066297
mothur,400(V4-V5),No,MC,100000,family,SILVA,95734,585,3681,0.993926432,0.962973394,0.978205115
mothur,400(V4-V5),No,MC,100000,genus,SILVA,53646,1196,45158,0.978191897,0.542953727,0.698306497
mothur,400(V4-V5),No,HC,25000,family,SILVA,19944,737,4319,0.964363425,0.821992334,0.88750445
mothur,400(V4-V5),No,HC,25000,genus,SILVA,17199,1484,6317,0.920569502,0.731374383,0.815137799
mothur,400(V4-V5),No,HC,50000,family,SILVA,39942,1489,8569,0.964060727,0.82335965,0.888172378
mothur,400(V4-V5),No,HC,50000,genus,SILVA,34240,2878,12882,0.922463495,0.726624507,0.81291548
mothur,400(V4-V5),No,HC,100000,family,SILVA,79767,2872,17361,0.965246433,0.821256486,0.887448753
mothur,400(V4-V5),No,HC,100000,genus,SILVA,68012,5815,26173,0.921234779,0.72211074,0.809608837
mothur,200(V3),Yes,LC,25000,family,SILVA,17911,268,6821,0.985257715,0.724203461,0.834797604
mothur,200(V3),Yes,LC,25000,genus,SILVA,8257,538,16205,0.93882888,0.337543946,0.496557116
mothur,200(V3),Yes,LC,50000,family,SILVA,36216,539,13245,0.985335329,0.732213259,0.840122483
mothur,200(V3),Yes,LC,50000,genus,SILVA,16388,1124,32488,0.935815441,0.335297488,0.493703681
mothur,200(V3),Yes,LC,100000,family,SILVA,73078,1075,25847,0.985502947,0.738721253,0.844451635
mothur,200(V3),Yes,LC,100000,genus,SILVA,33852,2266,63882,0.937261199,0.346368715,0.50581239
mothur,200(V3),Yes,MC,25000,family,SILVA,21623,81,3296,0.996267969,0.86773145,0.927567939
mothur,200(V3),Yes,MC,25000,genus,SILVA,11932,175,12893,0.985545552,0.480644512,0.646160511
mothur,200(V3),Yes,MC,50000,family,SILVA,43194,199,6607,0.995414007,0.867331981,0.926969547
mothur,200(V3),Yes,MC,50000,genus,SILVA,23781,386,25833,0.984027807,0.479320353,0.644637508
mothur,200(V3),Yes,MC,100000,family,SILVA,86435,317,13248,0.996345906,0.867098703,0.927240057
mothur,200(V3),Yes,MC,100000,genus,SILVA,47350,700,51950,0.985431842,0.476837865,0.642687479
mothur,200(V3),Yes,HC,25000,family,SILVA,15071,266,9663,0.982656321,0.609323199,0.752214819
mothur,200(V3),Yes,HC,25000,genus,SILVA,10945,662,13393,0.942965452,0.449708275,0.608985951
mothur,200(V3),Yes,HC,50000,family,SILVA,30448,771,18781,0.975303501,0.618497227,0.756961018
mothur,200(V3),Yes,HC,50000,genus,SILVA,22514,1557,25929,0.935316356,0.464752389,0.620955953
mothur,200(V3),Yes,HC,100000,family,SILVA,61832,1451,36717,0.977071251,0.627423921,0.764150477
mothur,200(V3),Yes,HC,100000,genus,SILVA,45297,3103,51600,0.93588843,0.467475773,0.623509088
mothur,400(V4-V5),Yes,LC,25000,family,SILVA,19918,343,4739,0.983070924,0.807803058,0.886860501
mothur,400(V4-V5),Yes,LC,25000,genus,SILVA,9636,683,14681,0.933811416,0.396265987,0.55641529
mothur,400(V4-V5),Yes,LC,50000,family,SILVA,39883,778,9339,0.980866186,0.810267766,0.887442564
mothur,400(V4-V5),Yes,LC,50000,genus,SILVA,19680,1443,28877,0.93168584,0.405296868,0.564867968
mothur,400(V4-V5),Yes,LC,100000,family,SILVA,79737,1333,18930,0.98355742,0.80814254,0.887263057
mothur,400(V4-V5),Yes,LC,100000,genus,SILVA,38554,2693,58753,0.934710403,0.396209934,0.55651948
mothur,400(V4-V5),Yes,MC,25000,family,SILVA,22223,115,2662,0.994851822,0.893027928,0.94119391
mothur,400(V4-V5),Yes,MC,25000,genus,SILVA,12141,247,12612,0.98006135,0.490486002,0.653778843
mothur,400(V4-V5),Yes,MC,50000,family,SILVA,44456,188,5356,0.995788908,0.892475709,0.941306005
mothur,400(V4-V5),Yes,MC,50000,genus,SILVA,24419,467,25114,0.981234429,0.492984475,0.656257139
mothur,400(V4-V5),Yes,MC,100000,family,SILVA,88890,396,10714,0.995564814,0.892434039,0.941182699
mothur,400(V4-V5),Yes,MC,100000,genus,SILVA,48647,893,50460,0.981974162,0.49085332,0.654530532
mothur,400(V4-V5),Yes,HC,25000,family,SILVA,18931,504,5565,0.974067404,0.772820052,0.86185154
mothur,400(V4-V5),Yes,HC,25000,genus,SILVA,14239,936,9825,0.938319605,0.591713763,0.725757537
mothur,400(V4-V5),Yes,HC,50000,family,SILVA,37550,1155,11295,0.970158894,0.768758317,0.857795545
mothur,400(V4-V5),Yes,HC,50000,genus,SILVA,28419,1965,19616,0.935327804,0.591631102,0.724798837
mothur,400(V4-V5),Yes,HC,100000,family,SILVA,75679,1994,22327,0.974328274,0.772187417,0.861560004
mothur,400(V4-V5),Yes,HC,100000,genus,SILVA,56829,3651,39520,0.939632937,0.589824492,0.724725657
mothur,200(V3),No,LC,25000,family,Greengenes,22715,639,1646,0.97263852,0.932432987,0.952111495
mothur,200(V3),No,LC,25000,genus,Greengenes,11699,10184,3117,0.534615912,0.78961933,0.637565056
mothur,200(V3),No,LC,50000,family,Greengenes,45556,1029,3415,0.977911345,0.930264851,0.95349324
mothur,200(V3),No,LC,50000,genus,Greengenes,23224,19975,6801,0.537605037,0.773488759,0.634327543
mothur,200(V3),No,LC,100000,family,Greengenes,90676,2401,6923,0.974204154,0.929066896,0.951100296
mothur,200(V3),No,LC,100000,genus,Greengenes,45730,39482,14788,0.536661503,0.755642949,0.627598984
mothur,200(V3),No,MC,25000,family,Greengenes,24269,148,583,0.993938649,0.976541123,0.985163084
mothur,200(V3),No,MC,25000,genus,Greengenes,13451,10632,917,0.558526762,0.936177617,0.699643702
mothur,200(V3),No,MC,50000,family,Greengenes,48317,292,1391,0.993992882,0.972016577,0.982881902
mothur,200(V3),No,MC,50000,genus,Greengenes,26554,21344,2102,0.554386404,0.926647125,0.693732529
mothur,200(V3),No,MC,100000,family,Greengenes,96927,560,2513,0.994255644,0.974728479,0.984395233
mothur,200(V3),No,MC,100000,genus,Greengenes,53500,43002,3498,0.554392655,0.938629426,0.697068404
mothur,200(V3),No,HC,25000,family,Greengenes,21895,605,2500,0.973111111,0.897519984,0.93378825
mothur,200(V3),No,HC,25000,genus,Greengenes,16532,3602,4866,0.821098639,0.77259557,0.796109024
mothur,200(V3),No,HC,50000,family,Greengenes,43255,1737,5008,0.961393137,0.896235211,0.927671439
mothur,200(V3),No,HC,50000,genus,Greengenes,31872,7030,11098,0.819289497,0.741726786,0.7785812
mothur,200(V3),No,HC,100000,family,Greengenes,87799,2885,9316,0.968186229,0.904072491,0.935031603
mothur,200(V3),No,HC,100000,genus,Greengenes,69129,15749,15122,0.81445133,0.820512516,0.817470688
mothur,400(V4-V5),No,LC,25000,family,Greengenes,22788,494,1718,0.978781892,0.92989472,0.953712229
mothur,400(V4-V5),No,LC,25000,genus,Greengenes,12852,9760,2388,0.568370777,0.843307087,0.679065835
mothur,400(V4-V5),No,LC,50000,family,Greengenes,45537,1000,3463,0.978511722,0.929326531,0.953285115
mothur,400(V4-V5),No,LC,50000,genus,Greengenes,25919,19208,4873,0.574356815,0.841744609,0.682806676
mothur,400(V4-V5),No,LC,100000,family,Greengenes,91330,2046,6624,0.978088588,0.932376422,0.954685622
mothur,400(V4-V5),No,LC,100000,genus,Greengenes,51670,39008,9322,0.569818479,0.847160283,0.681347663
mothur,400(V4-V5),No,MC,25000,family,Greengenes,24285,202,513,0.991750725,0.979312848,0.985492543
mothur,400(V4-V5),No,MC,25000,genus,Greengenes,13694,10647,659,0.562589869,0.954086254,0.707809996
mothur,400(V4-V5),No,MC,50000,family,Greengenes,48558,383,1059,0.992174251,0.978656509,0.985369021
mothur,400(V4-V5),No,MC,50000,genus,Greengenes,27484,21177,1339,0.564805491,0.953544045,0.709410975
mothur,400(V4-V5),No,MC,100000,family,Greengenes,97353,599,2048,0.99388476,0.979396586,0.986587485
mothur,400(V4-V5),No,MC,100000,genus,Greengenes,54705,42511,2784,0.562716014,0.951573344,0.707216961
mothur,400(V4-V5),No,HC,25000,family,Greengenes,21638,992,2370,0.956164384,0.901282906,0.927912861
mothur,400(V4-V5),No,HC,25000,genus,Greengenes,18228,3670,3102,0.832404786,0.854571027,0.843342278
mothur,400(V4-V5),No,HC,50000,family,Greengenes,43793,1472,4735,0.967480393,0.902427465,0.933822353
mothur,400(V4-V5),No,HC,50000,genus,Greengenes,36644,6747,6609,0.844506925,0.84720135,0.845851992
mothur,400(V4-V5),No,HC,100000,family,Greengenes,87430,2949,9621,0.967370739,0.900866555,0.932934962
mothur,400(V4-V5),No,HC,100000,genus,Greengenes,72897,13667,13436,0.842116815,0.844370055,0.84324193
mothur,200(V3),Yes,LC,25000,family,Greengenes,18669,402,5929,0.978920875,0.758964143,0.855023014
mothur,200(V3),Yes,LC,25000,genus,Greengenes,8806,729,15465,0.923544835,0.362819826,0.520972608
mothur,200(V3),Yes,LC,50000,family,Greengenes,37096,845,12059,0.977728579,0.75467399,0.851841646
mothur,200(V3),Yes,LC,50000,genus,Greengenes,17565,1433,31002,0.924571007,0.361665328,0.519943758
mothur,200(V3),Yes,LC,100000,family,Greengenes,75522,1655,22823,0.978555787,0.767929229,0.860541698
mothur,200(V3),Yes,LC,100000,genus,Greengenes,34894,2705,62401,0.928056597,0.358641246,0.517354367
mothur,200(V3),Yes,MC,25000,family,Greengenes,21817,108,3075,0.995074116,0.876466335,0.932011876
mothur,200(V3),Yes,MC,25000,genus,Greengenes,12107,200,12693,0.983749086,0.488185484,0.652545342
mothur,200(V3),Yes,MC,50000,family,Greengenes,43565,262,6173,0.99402195,0.875889662,0.931224283
mothur,200(V3),Yes,MC,50000,genus,Greengenes,24164,443,25393,0.981996993,0.487600137,0.651636913
mothur,200(V3),Yes,MC,100000,family,Greengenes,87161,475,12364,0.994579853,0.875769907,0.931401307
mothur,200(V3),Yes,MC,100000,genus,Greengenes,48251,808,50941,0.983530035,0.486440439,0.650936587
mothur,200(V3),Yes,HC,25000,family,Greengenes,16024,507,8469,0.969330349,0.654227739,0.781201248
mothur,200(V3),Yes,HC,25000,genus,Greengenes,12068,918,12014,0.929308486,0.501121169,0.651127657
mothur,200(V3),Yes,HC,50000,family,Greengenes,32576,1056,16368,0.968601332,0.665576986,0.788994381
mothur,200(V3),Yes,HC,50000,genus,Greengenes,24086,1885,24029,0.927419044,0.500592331,0.650217315
mothur,200(V3),Yes,HC,100000,family,Greengenes,65536,2097,32367,0.968994426,0.669397261,0.791803596
mothur,200(V3),Yes,HC,100000,genus,Greengenes,48474,3874,47652,0.925995262,0.504275638,0.652962808
mothur,400(V4-V5),Yes,LC,25000,family,Greengenes,22093,318,2589,0.985810539,0.895105745,0.938271081
mothur,400(V4-V5),Yes,LC,25000,genus,Greengenes,11873,4594,8533,0.721017793,0.581838675,0.643994251
mothur,400(V4-V5),Yes,LC,50000,family,Greengenes,44188,687,5125,0.984690808,0.89607203,0.938293626
mothur,400(V4-V5),Yes,LC,50000,genus,Greengenes,24143,9511,16346,0.717388721,0.596285411,0.651255007
mothur,400(V4-V5),Yes,LC,100000,family,Greengenes,88570,1348,10082,0.985008563,0.897802376,0.939385904
mothur,400(V4-V5),Yes,LC,100000,genus,Greengenes,48133,17852,34015,0.729453664,0.585930272,0.649861948
mothur,400(V4-V5),Yes,MC,25000,family,Greengenes,22918,116,1966,0.994963966,0.920993409,0.956550774
mothur,400(V4-V5),Yes,MC,25000,genus,Greengenes,12898,2402,9700,0.843006536,0.570758474,0.680669165
mothur,400(V4-V5),Yes,MC,50000,family,Greengenes,45779,187,4034,0.995931776,0.919017124,0.955929797
mothur,400(V4-V5),Yes,MC,50000,genus,Greengenes,25831,4658,19511,0.847223589,0.569692559,0.681278105
mothur,400(V4-V5),Yes,MC,100000,family,Greengenes,91575,404,8021,0.995607693,0.919464637,0.956022446
mothur,400(V4-V5),Yes,MC,100000,genus,Greengenes,51555,9290,39155,0.847316953,0.568349686,0.680347069
mothur,400(V4-V5),Yes,HC,25000,family,Greengenes,21994,506,2500,0.977511111,0.897934188,0.936034387
mothur,400(V4-V5),Yes,HC,25000,genus,Greengenes,17400,1747,5853,0.908758552,0.748290543,0.820754717
mothur,400(V4-V5),Yes,HC,50000,family,Greengenes,43680,1011,5309,0.977377996,0.891628733,0.932536294
mothur,400(V4-V5),Yes,HC,50000,genus,Greengenes,34636,3395,11969,0.91073072,0.743182062,0.818469682
mothur,400(V4-V5),Yes,HC,100000,family,Greengenes,87660,1912,10428,0.978654044,0.893687301,0.934242779
mothur,400(V4-V5),Yes,HC,100000,genus,Greengenes,69507,7165,23328,0.906549979,0.748715463,0.820107724
One Codex,200(V3),No,LC,25000,family,RefSeq 65,23403,175,1422,0.992577827,0.942719033,0.967006177
One Codex,200(V3),No,LC,25000,genus,RefSeq 65,15154,175,9671,0.98858373,0.610433031,0.754794043
One Codex,200(V3),No,LC,50000,family,RefSeq 65,46826,341,2833,0.992770369,0.942950925,0.967219548
One Codex,200(V3),No,LC,50000,genus,RefSeq 65,30208,341,19451,0.988837605,0.608308665,0.753241572
One Codex,200(V3),No,LC,100000,family,RefSeq 65,93419,703,5878,0.99253097,0.940803851,0.965975421
One Codex,200(V3),No,LC,100000,genus,RefSeq 65,60043,703,39254,0.988427222,0.604680907,0.750335847
One Codex,200(V3),No,MC,25000,family,RefSeq 65,24538,45,417,0.998169467,0.983289922,0.990673826
One Codex,200(V3),No,MC,25000,genus,RefSeq 65,14467,45,10488,0.996899118,0.579723502,0.733118808
One Codex,200(V3),No,MC,50000,family,RefSeq 65,49016,103,881,0.997903052,0.982343628,0.990062212
One Codex,200(V3),No,MC,50000,genus,RefSeq 65,28731,103,21166,0.996427828,0.575806161,0.729852282
One Codex,200(V3),No,MC,100000,family,RefSeq 65,98171,186,1643,0.99810893,0.983539383,0.990770597
One Codex,200(V3),No,MC,100000,genus,RefSeq 65,57439,186,42375,0.996772234,0.575460356,0.729666728
One Codex,200(V3),No,HC,25000,family,RefSeq 65,22710,234,2056,0.989801255,0.916982961,0.952001677
One Codex,200(V3),No,HC,25000,genus,RefSeq 65,21521,234,3245,0.989243852,0.868973593,0.925216569
One Codex,200(V3),No,HC,50000,family,RefSeq 65,45364,467,4169,0.98981039,0.915833889,0.951386267
One Codex,200(V3),No,HC,50000,genus,RefSeq 65,42727,467,6806,0.989188313,0.862596653,0.921565456
One Codex,200(V3),No,HC,100000,family,RefSeq 65,90708,965,8327,0.989473455,0.915918615,0.951276297
One Codex,200(V3),No,HC,100000,genus,RefSeq 65,85824,965,13211,0.988881079,0.866602716,0.92371276
One Codex,400(V4-V5),No,LC,25000,family,RefSeq 65,24286,0,714,1,0.97144,0.985513127
One Codex,400(V4-V5),No,LC,25000,genus,RefSeq 65,23958,357,685,0.985317705,0.97220306,0.978716451
One Codex,400(V4-V5),No,LC,50000,family,RefSeq 65,48608,0,1392,1,0.97216,0.985883498
One Codex,400(V4-V5),No,LC,50000,genus,RefSeq 65,47973,676,1351,0.986104545,0.972609683,0.979310626
One Codex,400(V4-V5),No,LC,100000,family,RefSeq 65,97192,0,2808,1,0.97192,0.985760071
One Codex,400(V4-V5),No,LC,100000,genus,RefSeq 65,95839,1346,2815,0.986150126,0.971465931,0.978752955
One Codex,400(V4-V5),No,MC,25000,family,RefSeq 65,24804,0,196,1,0.99216,0.996064573
One Codex,400(V4-V5),No,MC,25000,genus,RefSeq 65,24690,91,219,0.996327832,0.991207997,0.99376132
One Codex,400(V4-V5),No,MC,50000,family,RefSeq 65,49622,0,378,1,0.99244,0.996205657
One Codex,400(V4-V5),No,MC,50000,genus,RefSeq 65,49432,185,383,0.996271439,0.992311553,0.994287553
One Codex,400(V4-V5),No,MC,100000,family,RefSeq 65,99180,0,820,1,0.9918,0.995883121
One Codex,400(V4-V5),No,MC,100000,genus,RefSeq 65,98858,354,788,0.996431883,0.992092006,0.994257209
One Codex,400(V4-V5),No,HC,25000,family,RefSeq 65,24054,0,946,1,0.96216,0.98071513
One Codex,400(V4-V5),No,HC,25000,genus,RefSeq 65,23487,524,989,0.978176669,0.959593071,0.96879576
One Codex,400(V4-V5),No,HC,50000,family,RefSeq 65,48090,0,1910,1,0.9618,0.980528086
One Codex,400(V4-V5),No,HC,50000,genus,RefSeq 65,47179,928,1893,0.980709668,0.96142403,0.970971095
One Codex,400(V4-V5),No,HC,100000,family,RefSeq 65,96150,0,3850,1,0.9615,0.980372164
One Codex,400(V4-V5),No,HC,100000,genus,RefSeq 65,94203,1962,3835,0.979597567,0.960882515,0.970149792
One Codex,200(V3),Yes,LC,25000,family,RefSeq 65,22648,284,2068,0.987615559,0.916329503,0.950638012
One Codex,200(V3),Yes,LC,25000,genus,RefSeq 65,14708,304,9988,0.979749534,0.595562034,0.740807898
One Codex,200(V3),Yes,LC,50000,family,RefSeq 65,45296,579,4125,0.987378747,0.916533457,0.950638012
One Codex,200(V3),Yes,LC,50000,genus,RefSeq 65,29297,608,20095,0.979668952,0.593152737,0.738918244
One Codex,200(V3),Yes,LC,100000,family,RefSeq 65,90291,1174,8535,0.987164489,0.913636088,0.948978144
One Codex,200(V3),Yes,LC,100000,genus,RefSeq 65,58280,1246,40474,0.97906797,0.59015331,0.736416477
One Codex,200(V3),Yes,MC,25000,family,RefSeq 65,23966,123,911,0.994893935,0.963379829,0.978883307
One Codex,200(V3),Yes,MC,25000,genus,RefSeq 65,14374,128,10498,0.991173631,0.577918945,0.730126479
One Codex,200(V3),Yes,MC,50000,family,RefSeq 65,47857,263,1880,0.994534497,0.962201178,0.978100698
One Codex,200(V3),Yes,MC,50000,genus,RefSeq 65,28583,267,21150,0.990745234,0.574729053,0.727460138
One Codex,200(V3),Yes,MC,100000,family,RefSeq 65,95865,459,3676,0.995234832,0.963070494,0.97888852
One Codex,200(V3),Yes,MC,100000,genus,RefSeq 65,57172,481,42347,0.991656982,0.574483265,0.727508717
One Codex,200(V3),Yes,HC,25000,family,RefSeq 65,22425,336,2239,0.985237907,0.909219916,0.945703743
One Codex,200(V3),Yes,HC,25000,genus,RefSeq 65,20715,354,3931,0.983198064,0.840501501,0.90626709
One Codex,200(V3),Yes,HC,50000,family,RefSeq 65,44820,648,4532,0.985748219,0.908169882,0.945370175
One Codex,200(V3),Yes,HC,50000,genus,RefSeq 65,41174,688,8138,0.983565047,0.834969176,0.903196087
One Codex,200(V3),Yes,HC,100000,family,RefSeq 65,89558,1329,9113,0.985377447,0.90764257,0.944913958
One Codex,200(V3),Yes,HC,100000,genus,RefSeq 65,82778,1419,15803,0.983146668,0.839695276,0.905776406
One Codex,400(V4-V5),Yes,LC,25000,family,RefSeq 65,24199,72,729,0.997033497,0.970755777,0.983719181
One Codex,400(V4-V5),Yes,LC,25000,genus,RefSeq 65,23809,518,673,0.978706787,0.972510416,0.975598763
One Codex,400(V4-V5),Yes,LC,50000,family,RefSeq 65,48427,160,1413,0.996706938,0.971649278,0.984018613
One Codex,400(V4-V5),Yes,LC,50000,genus,RefSeq 65,47637,1000,1363,0.979439521,0.972183673,0.975798109
One Codex,400(V4-V5),Yes,LC,100000,family,RefSeq 65,96817,352,2831,0.996377445,0.971589997,0.983827617
One Codex,400(V4-V5),Yes,LC,100000,genus,RefSeq 65,95200,2053,2747,0.978890111,0.97195422,0.975409836
One Codex,400(V4-V5),Yes,MC,25000,family,RefSeq 65,24773,24,203,0.999032141,0.991872197,0.995439294
One Codex,400(V4-V5),Yes,MC,25000,genus,RefSeq 65,24622,137,241,0.994466659,0.990306882,0.992382411
One Codex,400(V4-V5),Yes,MC,50000,family,RefSeq 65,49571,41,388,0.999173587,0.992233632,0.995691517
One Codex,400(V4-V5),Yes,MC,50000,genus,RefSeq 65,49286,291,423,0.994130343,0.991490475,0.992808654
One Codex,400(V4-V5),Yes,MC,100000,family,RefSeq 65,99071,94,835,0.999052085,0.991642144,0.995333323
One Codex,400(V4-V5),Yes,MC,100000,genus,RefSeq 65,98535,568,897,0.994268589,0.990978759,0.992620948
One Codex,400(V4-V5),Yes,HC,25000,family,RefSeq 65,23939,103,958,0.995715831,0.961521468,0.978319949
One Codex,400(V4-V5),Yes,HC,25000,genus,RefSeq 65,23293,757,950,0.968523909,0.960813431,0.964653262
One Codex,400(V4-V5),Yes,HC,50000,family,RefSeq 65,47860,219,1921,0.995444997,0.96141098,0.978132025
One Codex,400(V4-V5),Yes,HC,50000,genus,RefSeq 65,46800,1390,1810,0.971155841,0.962764863,0.966942149
One Codex,400(V4-V5),Yes,HC,100000,family,RefSeq 65,95693,417,3890,0.995661222,0.960937108,0.977991037
One Codex,400(V4-V5),Yes,HC,100000,genus,RefSeq 65,93431,2920,3649,0.969694139,0.962412443,0.96603957
One Codex,200(V3),No,LC,25000,family,One Codex 28k,21894,175,2931,0.992070325,0.881933535,0.933765514
One Codex,200(V3),No,LC,25000,genus,One Codex 28k,13642,175,11183,0.987334443,0.549526687,0.706071114
One Codex,200(V3),No,LC,50000,family,One Codex 28k,43679,341,5980,0.992253521,0.879578727,0.932524899
One Codex,200(V3),No,LC,50000,genus,One Codex 28k,27127,341,22532,0.987585554,0.546265531,0.703437188
One Codex,200(V3),No,LC,100000,family,One Codex 28k,87405,703,11892,0.992021156,0.880238074,0.932792615
One Codex,200(V3),No,LC,100000,genus,One Codex 28k,54067,703,45230,0.987164506,0.54449782,0.701863475
One Codex,200(V3),No,MC,25000,family,One Codex 28k,24094,45,861,0.998135797,0.965497896,0.981545606
One Codex,200(V3),No,MC,25000,genus,One Codex 28k,14019,45,10936,0.996800341,0.561771188,0.718573003
One Codex,200(V3),No,MC,50000,family,One Codex 28k,48124,103,1773,0.997864267,0.964466802,0.980881334
One Codex,200(V3),No,MC,50000,genus,One Codex 28k,27833,103,22064,0.996313001,0.557809087,0.715197924
One Codex,200(V3),No,MC,100000,family,One Codex 28k,96394,186,3420,0.998074135,0.965736269,0.98163895
One Codex,200(V3),No,MC,100000,genus,One Codex 28k,55659,186,44155,0.996669353,0.557627187,0.715140146
One Codex,200(V3),No,HC,25000,family,One Codex 28k,20566,234,4200,0.98875,0.830412663,0.902690603
One Codex,200(V3),No,HC,25000,genus,One Codex 28k,19370,234,5396,0.98806366,0.782120649,0.873112463
One Codex,200(V3),No,HC,50000,family,One Codex 28k,41072,467,8461,0.988757553,0.829184584,0.901967674
One Codex,200(V3),No,HC,50000,genus,One Codex 28k,38432,467,11101,0.98799455,0.775886783,0.869187624
One Codex,200(V3),No,HC,100000,family,One Codex 28k,81961,965,17074,0.988363119,0.827596304,0.900863372
One Codex,200(V3),No,HC,100000,genus,One Codex 28k,77067,965,21968,0.987633279,0.778179432,0.870484054
One Codex,400(V4-V5),No,LC,25000,family,One Codex 28k,22383,0,2617,1,0.89532,0.944769221
One Codex,400(V4-V5),No,LC,25000,genus,One Codex 28k,21895,171,2934,0.992250521,0.881831729,0.93378825
One Codex,400(V4-V5),No,LC,50000,family,One Codex 28k,44853,0,5147,1,0.89706,0.945737088
One Codex,400(V4-V5),No,LC,50000,genus,One Codex 28k,43906,313,5781,0.992921595,0.883651659,0.935105318
One Codex,400(V4-V5),No,LC,100000,family,One Codex 28k,89699,0,10301,1,0.89699,0.945698185
One Codex,400(V4-V5),No,LC,100000,genus,One Codex 28k,87672,689,11639,0.992202442,0.882802509,0.934310925
One Codex,400(V4-V5),No,MC,25000,family,One Codex 28k,24249,0,751,1,0.96996,0.984750959
One Codex,400(V4-V5),No,MC,25000,genus,One Codex 28k,24088,42,870,0.998259428,0.965141438,0.981421121
One Codex,400(V4-V5),No,MC,50000,family,One Codex 28k,48515,0,1485,1,0.9703,0.984926153
One Codex,400(V4-V5),No,MC,50000,genus,One Codex 28k,48217,98,1685,0.997971644,0.966233818,0.98184632
One Codex,400(V4-V5),No,MC,100000,family,One Codex 28k,96927,0,3073,1,0.96927,0.984395233
One Codex,400(V4-V5),No,MC,100000,genus,One Codex 28k,96391,194,3415,0.997991407,0.96578362,0.981623394
One Codex,400(V4-V5),No,HC,25000,family,One Codex 28k,21478,0,3522,1,0.85912,0.924222213
One Codex,400(V4-V5),No,HC,25000,genus,One Codex 28k,20687,255,4058,0.987823513,0.836007274,0.905596778
One Codex,400(V4-V5),No,HC,50000,family,One Codex 28k,42721,0,7279,1,0.85442,0.92149567
One Codex,400(V4-V5),No,HC,50000,genus,One Codex 28k,41357,463,8180,0.988928742,0.834870905,0.905393128
One Codex,400(V4-V5),No,HC,100000,family,One Codex 28k,85571,0,14429,1,0.85571,0.922245394
One Codex,400(V4-V5),No,HC,100000,genus,One Codex 28k,82582,1020,16398,0.987799335,0.834330168,0.904601768
One Codex,200(V3),Yes,LC,25000,family,One Codex 28k,15406,6547,3047,0.701771967,0.834877798,0.762560016
One Codex,200(V3),Yes,LC,25000,genus,One Codex 28k,12961,6784,5255,0.656419347,0.711517347,0.682858723
One Codex,200(V3),Yes,LC,50000,family,One Codex 28k,30836,13184,5980,0.700499773,0.837570621,0.762927409
One Codex,200(V3),Yes,LC,50000,genus,One Codex 28k,25878,13617,10505,0.65522218,0.711266251,0.682094942
One Codex,200(V3),Yes,LC,100000,family,One Codex 28k,61320,26723,11957,0.696477857,0.836824652,0.760228118
One Codex,200(V3),Yes,LC,100000,genus,One Codex 28k,51537,27550,20913,0.651649449,0.711345756,0.680190317
One Codex,200(V3),Yes,MC,25000,family,One Codex 28k,17422,6392,1186,0.731586462,0.936263972,0.821366272
One Codex,200(V3),Yes,MC,25000,genus,One Codex 28k,13897,6436,4667,0.683470221,0.74859944,0.714553822
One Codex,200(V3),Yes,MC,50000,family,One Codex 28k,34858,12799,2343,0.731435046,0.937017822,0.821560725
One Codex,200(V3),Yes,MC,50000,genus,One Codex 28k,27619,12886,9495,0.681866436,0.744166622,0.711655651
One Codex,200(V3),Yes,MC,100000,family,One Codex 28k,69662,25841,4497,0.729422112,0.939360024,0.821185651
One Codex,200(V3),Yes,MC,100000,genus,One Codex 28k,55319,26074,18607,0.679653041,0.748302356,0.712327532
One Codex,200(V3),Yes,HC,25000,family,One Codex 28k,18740,2767,3493,0.871344214,0.842891198,0.856881573
One Codex,200(V3),Yes,HC,25000,genus,One Codex 28k,18257,3049,3694,0.856894771,0.831716095,0.844117715
One Codex,200(V3),Yes,HC,50000,family,One Codex 28k,37415,5714,6871,0.867513738,0.844849388,0.856031574
One Codex,200(V3),Yes,HC,50000,genus,One Codex 28k,36393,6200,7407,0.854436175,0.830890411,0.842498814
One Codex,200(V3),Yes,HC,100000,family,One Codex 28k,74799,11406,13795,0.867687489,0.844289681,0.855828695
One Codex,200(V3),Yes,HC,100000,genus,One Codex 28k,72902,12506,14592,0.853573436,0.83322285,0.843275381
One Codex,400(V4-V5),Yes,LC,25000,family,One Codex 28k,23097,628,1275,0.973530032,0.947685869,0.960434123
One Codex,400(V4-V5),Yes,LC,25000,genus,One Codex 28k,22467,933,1600,0.960128205,0.933518926,0.946636611
One Codex,400(V4-V5),Yes,LC,50000,family,One Codex 28k,46293,1200,2507,0.974733119,0.948627049,0.961502913
One Codex,400(V4-V5),Yes,LC,50000,genus,One Codex 28k,45086,1806,3108,0.961485968,0.935510644,0.948320468
One Codex,400(V4-V5),Yes,LC,100000,family,One Codex 28k,92593,2520,4887,0.973505199,0.949866639,0.961540658
One Codex,400(V4-V5),Yes,LC,100000,genus,One Codex 28k,89993,3854,6153,0.958933157,0.936003578,0.947329638
One Codex,400(V4-V5),Yes,MC,25000,family,One Codex 28k,24455,175,370,0.992894844,0.98509567,0.988979881
One Codex,400(V4-V5),Yes,MC,25000,genus,One Codex 28k,24087,258,655,0.989402341,0.973526797,0.981400371
One Codex,400(V4-V5),Yes,MC,50000,family,One Codex 28k,48942,336,722,0.993181541,0.985462307,0.989306867
One Codex,400(V4-V5),Yes,MC,50000,genus,One Codex 28k,48222,545,1233,0.98882441,0.975068244,0.981898149
One Codex,400(V4-V5),Yes,MC,100000,family,One Codex 28k,97846,731,1423,0.992584477,0.985665213,0.989112744
One Codex,400(V4-V5),Yes,MC,100000,genus,One Codex 28k,96428,1166,2406,0.988052544,0.975656151,0.98181522
One Codex,400(V4-V5),Yes,HC,25000,family,One Codex 28k,22499,792,1709,0.965995449,0.929403503,0.94734626
One Codex,400(V4-V5),Yes,HC,25000,genus,One Codex 28k,21578,1234,2188,0.945905664,0.907935706,0.926531839
One Codex,400(V4-V5),Yes,HC,50000,family,One Codex 28k,44887,1701,3412,0.963488452,0.929356715,0.946114852
One Codex,400(V4-V5),Yes,HC,50000,genus,One Codex 28k,43217,2610,4173,0.943046676,0.911943448,0.927234303
One Codex,400(V4-V5),Yes,HC,100000,family,One Codex 28k,89733,3359,6908,0.963917415,0.928518952,0.945887115
One Codex,400(V4-V5),Yes,HC,100000,genus,One Codex 28k,86229,5291,8480,0.9421875,0.910462575,0.926053407
One Codex,200(V3),No,LC,25000,family,SILVA,8114,0,16886,1,0.32456,0.490064625
One Codex,200(V3),No,LC,25000,genus,SILVA,7453,161,17386,0.978854741,0.300052337,0.459310387
One Codex,200(V3),No,LC,50000,family,SILVA,16158,0,33842,1,0.32316,0.488467003
One Codex,200(V3),No,LC,50000,genus,SILVA,14797,316,34887,0.979090849,0.297822237,0.456718675
One Codex,200(V3),No,LC,100000,family,SILVA,32436,0,67564,1,0.32436,0.4898366
One Codex,200(V3),No,LC,100000,genus,SILVA,29673,686,69641,0.977403735,0.298779628,0.45765888
One Codex,200(V3),No,MC,25000,family,SILVA,12485,0,12515,1,0.4994,0.66613312
One Codex,200(V3),No,MC,25000,genus,SILVA,12271,53,12676,0.995699448,0.491882792,0.658474417
One Codex,200(V3),No,MC,50000,family,SILVA,24532,0,25468,1,0.49064,0.658294424
One Codex,200(V3),No,MC,50000,genus,SILVA,24123,89,25788,0.996324137,0.48332031,0.650891086
One Codex,200(V3),No,MC,100000,family,SILVA,49282,0,50718,1,0.49282,0.660253748
One Codex,200(V3),No,MC,100000,genus,SILVA,48434,193,51373,0.996031012,0.485276584,0.652599809
One Codex,200(V3),No,HC,25000,family,SILVA,11604,0,13396,1,0.46416,0.634029068
One Codex,200(V3),No,HC,25000,genus,SILVA,10608,260,14132,0.976076555,0.428779305,0.595821164
One Codex,200(V3),No,HC,50000,family,SILVA,22989,0,27011,1,0.45978,0.629930537
One Codex,200(V3),No,HC,50000,genus,SILVA,20975,511,28514,0.976217072,0.423831559,0.591053188
One Codex,200(V3),No,HC,100000,family,SILVA,46102,0,53898,1,0.46102,0.631093346
One Codex,200(V3),No,HC,100000,genus,SILVA,42176,976,56848,0.977382277,0.425916949,0.59329282
One Codex,400(V4-V5),No,LC,25000,family,SILVA,15681,0,9319,1,0.62724,0.770925002
One Codex,400(V4-V5),No,LC,25000,genus,SILVA,7141,0,17859,1,0.28564,0.444354563
One Codex,400(V4-V5),No,LC,50000,family,SILVA,31040,0,18960,1,0.6208,0.766041461
One Codex,400(V4-V5),No,LC,50000,genus,SILVA,14250,0,35750,1,0.285,0.443579767
One Codex,400(V4-V5),No,LC,100000,family,SILVA,62338,0,37662,1,0.62338,0.768002563
One Codex,400(V4-V5),No,LC,100000,genus,SILVA,28127,0,71873,1,0.28127,0.439048756
One Codex,400(V4-V5),No,MC,25000,family,SILVA,22270,0,2730,1,0.8908,0.942246668
One Codex,400(V4-V5),No,MC,25000,genus,SILVA,11982,0,13018,1,0.47928,0.647990914
One Codex,400(V4-V5),No,MC,50000,family,SILVA,44537,0,5463,1,0.89074,0.942213102
One Codex,400(V4-V5),No,MC,50000,genus,SILVA,24172,0,25828,1,0.48344,0.651782344
One Codex,400(V4-V5),No,MC,100000,family,SILVA,89006,0,10994,1,0.89006,0.941832534
One Codex,400(V4-V5),No,MC,100000,genus,SILVA,47907,0,52093,1,0.47907,0.647798955
One Codex,400(V4-V5),No,HC,25000,family,SILVA,11847,0,13153,1,0.47388,0.643037425
One Codex,400(V4-V5),No,HC,25000,genus,SILVA,10144,0,14856,1,0.40576,0.57728204
One Codex,400(V4-V5),No,HC,50000,family,SILVA,23417,0,26583,1,0.46834,0.637917649
One Codex,400(V4-V5),No,HC,50000,genus,SILVA,20055,0,29945,1,0.4011,0.572550139
One Codex,400(V4-V5),No,HC,100000,family,SILVA,46946,0,53054,1,0.46946,0.638955807
One Codex,400(V4-V5),No,HC,100000,genus,SILVA,39970,0,60030,1,0.3997,0.571122383
One Codex,200(V3),Yes,LC,25000,family,SILVA,14141,4590,6269,0.754951684,0.692846644,0.722567129
One Codex,200(V3),Yes,LC,25000,genus,SILVA,8923,9403,6674,0.486903852,0.572097198,0.526073755
One Codex,200(V3),Yes,LC,50000,family,SILVA,27947,9484,12569,0.746627127,0.689776878,0.717076988
One Codex,200(V3),Yes,LC,50000,genus,SILVA,17702,18910,13388,0.483502677,0.569379222,0.522938761
One Codex,200(V3),Yes,LC,100000,family,SILVA,56321,18442,25237,0.753327181,0.690563771,0.720581368
One Codex,200(V3),Yes,LC,100000,genus,SILVA,35170,38050,26780,0.480333242,0.5677159,0.520381742
One Codex,200(V3),Yes,MC,25000,family,SILVA,18489,3151,3360,0.854390018,0.846217218,0.85028398
One Codex,200(V3),Yes,MC,25000,genus,SILVA,15452,6087,3461,0.717396351,0.817004177,0.763967171
One Codex,200(V3),Yes,MC,50000,family,SILVA,36530,6596,6874,0.847052822,0.8416275,0.844331446
One Codex,200(V3),Yes,MC,50000,genus,SILVA,30670,12239,7091,0.714768463,0.81221366,0.760381802
One Codex,200(V3),Yes,MC,100000,family,SILVA,73478,13128,13394,0.848416969,0.845819136,0.847116061
One Codex,200(V3),Yes,MC,100000,genus,SILVA,61630,24592,13778,0.71478277,0.81728729,0.762605952
One Codex,200(V3),Yes,HC,25000,family,SILVA,14361,3291,7348,0.813562203,0.661522871,0.72970707
One Codex,200(V3),Yes,HC,25000,genus,SILVA,12364,4681,7955,0.72537401,0.608494513,0.66181351
One Codex,200(V3),Yes,HC,50000,family,SILVA,28567,6572,14861,0.812971342,0.657801418,0.727200988
One Codex,200(V3),Yes,HC,50000,genus,SILVA,24581,9350,16069,0.724440777,0.604698647,0.65917593
One Codex,200(V3),Yes,HC,100000,family,SILVA,57447,12843,29710,0.817285531,0.659120897,0.729731275
One Codex,200(V3),Yes,HC,100000,genus,SILVA,49519,18504,31977,0.727974362,0.607624914,0.662377357
One Codex,400(V4-V5),Yes,LC,25000,family,SILVA,18931,3335,2734,0.850220066,0.873805677,0.86185154
One Codex,400(V4-V5),Yes,LC,25000,genus,SILVA,10569,9335,5096,0.530998794,0.674688797,0.594281537
One Codex,400(V4-V5),Yes,LC,50000,family,SILVA,37656,6870,5474,0.845708126,0.873081382,0.859176782
One Codex,400(V4-V5),Yes,LC,50000,genus,SILVA,21182,18841,9977,0.529245684,0.679803588,0.595150459
One Codex,400(V4-V5),Yes,LC,100000,family,SILVA,75501,13515,10984,0.848173362,0.872995317,0.860405354
One Codex,400(V4-V5),Yes,LC,100000,genus,SILVA,42051,37903,20046,0.525939915,0.677182473,0.592054966
One Codex,400(V4-V5),Yes,MC,25000,family,SILVA,22902,1207,891,0.949935709,0.962552011,0.956202246
One Codex,400(V4-V5),Yes,MC,25000,genus,SILVA,16928,5462,2610,0.756051809,0.866414167,0.807479489
One Codex,400(V4-V5),Yes,MC,50000,family,SILVA,45815,2504,1681,0.948177735,0.964607546,0.956322079
One Codex,400(V4-V5),Yes,MC,50000,genus,SILVA,34016,10717,5267,0.760422954,0.865921645,0.809750524
One Codex,400(V4-V5),Yes,MC,100000,family,SILVA,91574,4928,3498,0.948933701,0.963206833,0.956016996
One Codex,400(V4-V5),Yes,MC,100000,genus,SILVA,67767,21767,10466,0.756885652,0.866220137,0.807870439
One Codex,400(V4-V5),Yes,HC,25000,family,SILVA,16999,4213,3788,0.801386008,0.817770722,0.809495464
One Codex,400(V4-V5),Yes,HC,25000,genus,SILVA,13941,6106,4953,0.695415773,0.737853287,0.716006266
One Codex,400(V4-V5),Yes,HC,50000,family,SILVA,33895,8574,7531,0.798111564,0.818205958,0.808033852
One Codex,400(V4-V5),Yes,HC,50000,genus,SILVA,27795,12345,9860,0.69245142,0.738148984,0.714570345
One Codex,400(V4-V5),Yes,HC,100000,family,SILVA,68033,17130,14837,0.798856311,0.820960541,0.809757607
One Codex,400(V4-V5),Yes,HC,100000,genus,SILVA,55483,24965,19552,0.689675318,0.739428267,0.713685741
QIIME UCLUST,200(V3),No,LC,25000,family,Greengenes,22334,1219,1447,0.948244385,0.939153105,0.94367685
QIIME UCLUST,200(V3),No,LC,25000,genus,Greengenes,10175,1587,13238,0.865073967,0.434587622,0.578535892
QIIME UCLUST,200(V3),No,LC,50000,family,Greengenes,44643,2459,2898,0.947794149,0.93904209,0.943397821
QIIME UCLUST,200(V3),No,LC,50000,genus,Greengenes,19746,3105,27149,0.864119732,0.421068344,0.56622602
QIIME UCLUST,200(V3),No,LC,100000,family,Greengenes,89299,4850,5851,0.948485911,0.93850762,0.943470383
QIIME UCLUST,200(V3),No,LC,100000,genus,Greengenes,40048,6185,53767,0.866221097,0.426882695,0.571918199
QIIME UCLUST,200(V3),No,MC,25000,family,Greengenes,24268,359,373,0.985422504,0.984862627,0.985142486
QIIME UCLUST,200(V3),No,MC,25000,genus,Greengenes,17904,551,6545,0.970143593,0.73229989,0.834607496
QIIME UCLUST,200(V3),No,MC,50000,family,Greengenes,48362,890,748,0.981929668,0.984768886,0.983347228
QIIME UCLUST,200(V3),No,MC,50000,genus,Greengenes,35890,1283,12827,0.965485702,0.73670382,0.835720107
QIIME UCLUST,200(V3),No,MC,100000,family,Greengenes,96758,1761,1481,0.982125275,0.984924521,0.983522906
QIIME UCLUST,200(V3),No,MC,100000,genus,Greengenes,71292,2273,26435,0.969102155,0.729501571,0.832403148
QIIME UCLUST,200(V3),No,HC,25000,family,Greengenes,20885,2026,2089,0.911570861,0.909071124,0.910319276
QIIME UCLUST,200(V3),No,HC,25000,genus,Greengenes,13950,3765,7285,0.787468247,0.656934307,0.716302953
QIIME UCLUST,200(V3),No,HC,50000,family,Greengenes,42294,3513,4193,0.923308665,0.909802741,0.916505948
QIIME UCLUST,200(V3),No,HC,50000,genus,Greengenes,28135,4840,17025,0.853222138,0.623007086,0.720163819
QIIME UCLUST,200(V3),No,HC,100000,family,Greengenes,84780,7832,7388,0.915432125,0.919842028,0.917631778
QIIME UCLUST,200(V3),No,HC,100000,genus,Greengenes,56181,10692,33127,0.840114845,0.629070184,0.719434502
QIIME UCLUST,400(V4-V5),No,LC,25000,family,Greengenes,23234,482,1284,0.979676168,0.947630312,0.963386823
QIIME UCLUST,400(V4-V5),No,LC,25000,genus,Greengenes,10862,9079,5059,0.544706885,0.682243578,0.60576655
QIIME UCLUST,400(V4-V5),No,LC,50000,family,Greengenes,46398,1039,2563,0.978097266,0.947652213,0.96263408
QIIME UCLUST,400(V4-V5),No,LC,50000,genus,Greengenes,22282,18226,9492,0.550064185,0.701265185,0.616529703
QIIME UCLUST,400(V4-V5),No,LC,100000,family,Greengenes,92838,2055,5107,0.97834403,0.947858492,0.962860017
QIIME UCLUST,400(V4-V5),No,LC,100000,genus,Greengenes,43712,36315,19973,0.546215652,0.686378268,0.608327767
QIIME UCLUST,400(V4-V5),No,MC,25000,family,Greengenes,24476,160,364,0.993505439,0.985346216,0.989409006
QIIME UCLUST,400(V4-V5),No,MC,25000,genus,Greengenes,8175,5428,11397,0.600970374,0.417688535,0.492840995
QIIME UCLUST,400(V4-V5),No,MC,50000,family,Greengenes,48992,285,723,0.994216369,0.985457106,0.989817359
QIIME UCLUST,400(V4-V5),No,MC,50000,genus,Greengenes,16505,10856,22639,0.603230876,0.421648273,0.496353658
QIIME UCLUST,400(V4-V5),No,MC,100000,family,Greengenes,97943,585,1472,0.994062601,0.985193381,0.98960812
QIIME UCLUST,400(V4-V5),No,MC,100000,genus,Greengenes,32682,21816,45502,0.599691732,0.418013916,0.492636529
QIIME UCLUST,400(V4-V5),No,HC,25000,family,Greengenes,22530,737,1733,0.968324236,0.928574373,0.948032821
QIIME UCLUST,400(V4-V5),No,HC,25000,genus,Greengenes,15586,2641,6773,0.855105064,0.697079476,0.768048095
QIIME UCLUST,400(V4-V5),No,HC,50000,family,Greengenes,45012,1489,3499,0.967979183,0.927872029,0.947501368
QIIME UCLUST,400(V4-V5),No,HC,50000,genus,Greengenes,30972,5286,13742,0.854211484,0.692668963,0.765005187
QIIME UCLUST,400(V4-V5),No,HC,100000,family,Greengenes,90020,2872,7108,0.969082375,0.926818219,0.947479213
QIIME UCLUST,400(V4-V5),No,HC,100000,genus,Greengenes,61145,9628,29227,0.86395942,0.676592307,0.758881752
QIIME UCLUST,200(V3),Yes,LC,25000,family,Greengenes,21465,1018,2517,0.954721345,0.895046285,0.923921231
QIIME UCLUST,200(V3),Yes,LC,25000,genus,Greengenes,9510,7038,8452,0.574691806,0.529451063,0.551144596
QIIME UCLUST,200(V3),Yes,LC,50000,family,Greengenes,43114,2513,4373,0.944922962,0.907911639,0.926047641
QIIME UCLUST,200(V3),Yes,LC,50000,genus,Greengenes,19317,9160,21523,0.678336903,0.472992165,0.557352453
QIIME UCLUST,200(V3),Yes,LC,100000,family,Greengenes,86435,4996,8569,0.945357701,0.909803798,0.927240057
QIIME UCLUST,200(V3),Yes,LC,100000,genus,Greengenes,38920,21545,39535,0.643678161,0.496080556,0.560322488
QIIME UCLUST,200(V3),Yes,MC,25000,family,Greengenes,23870,305,825,0.987383661,0.966592428,0.97687743
QIIME UCLUST,200(V3),Yes,MC,25000,genus,Greengenes,13419,2923,8658,0.821135724,0.60782715,0.698560608
QIIME UCLUST,200(V3),Yes,MC,50000,family,Greengenes,47958,659,1383,0.986445071,0.971970572,0.979154331
QIIME UCLUST,200(V3),Yes,MC,50000,genus,Greengenes,26905,5451,17644,0.831530473,0.603941727,0.699694428
QIIME UCLUST,200(V3),Yes,MC,100000,family,Greengenes,96003,1085,2912,0.988824572,0.970560582,0.979607455
QIIME UCLUST,200(V3),Yes,MC,100000,genus,Greengenes,53734,12075,34191,0.816514459,0.61113449,0.699051609
QIIME UCLUST,200(V3),Yes,HC,25000,family,Greengenes,19690,1462,3848,0.930881241,0.83651967,0.881181472
QIIME UCLUST,200(V3),Yes,HC,25000,genus,Greengenes,12729,2742,9529,0.822765174,0.571884266,0.674759469
QIIME UCLUST,200(V3),Yes,HC,50000,family,Greengenes,40455,2567,6978,0.940332853,0.85288723,0.894477917
QIIME UCLUST,200(V3),Yes,HC,50000,genus,Greengenes,27256,5399,17345,0.834665442,0.611107374,0.705602154
QIIME UCLUST,200(V3),Yes,HC,100000,family,Greengenes,80959,4350,14691,0.949008897,0.846408782,0.89477727
QIIME UCLUST,200(V3),Yes,HC,100000,genus,Greengenes,57132,13804,29064,0.805402053,0.66281498,0.727184787
QIIME UCLUST,400(V4-V5),Yes,LC,25000,family,Greengenes,22193,479,2328,0.978872618,0.905060968,0.94052084
QIIME UCLUST,400(V4-V5),Yes,LC,25000,genus,Greengenes,10374,7391,7235,0.583957219,0.589130558,0.586532481
QIIME UCLUST,400(V4-V5),Yes,LC,50000,family,Greengenes,44517,1137,4346,0.975095282,0.911057446,0.941989272
QIIME UCLUST,400(V4-V5),Yes,LC,50000,genus,Greengenes,21883,6286,21831,0.776846888,0.500594775,0.608850493
QIIME UCLUST,400(V4-V5),Yes,LC,100000,family,Greengenes,89375,2066,8559,0.977406196,0.912604407,0.943894389
QIIME UCLUST,400(V4-V5),Yes,LC,100000,genus,Greengenes,42895,22336,34769,0.657586117,0.552315101,0.600370902
QIIME UCLUST,400(V4-V5),Yes,MC,25000,family,Greengenes,23428,135,1437,0.994270679,0.942207923,0.96753944
QIIME UCLUST,400(V4-V5),Yes,MC,25000,genus,Greengenes,9487,3081,12432,0.754853596,0.43282084,0.550178328
QIIME UCLUST,400(V4-V5),Yes,MC,50000,family,Greengenes,47247,267,2486,0.994380604,0.95001307,0.971690643
QIIME UCLUST,400(V4-V5),Yes,MC,50000,genus,Greengenes,17701,8289,24010,0.681069642,0.424372468,0.522916944
QIIME UCLUST,400(V4-V5),Yes,MC,100000,family,Greengenes,94458,567,4975,0.994033149,0.949966309,0.971500273
QIIME UCLUST,400(V4-V5),Yes,MC,100000,genus,Greengenes,35820,15766,48414,0.694374443,0.425243963,0.527462818
QIIME UCLUST,400(V4-V5),Yes,HC,25000,family,Greengenes,21570,773,2657,0.965403035,0.890328972,0.926347434
QIIME UCLUST,400(V4-V5),Yes,HC,25000,genus,Greengenes,14820,1951,8229,0.883668237,0.642978003,0.744349573
QIIME UCLUST,400(V4-V5),Yes,HC,50000,family,Greengenes,43420,1517,5063,0.966241627,0.895571644,0.929565404
QIIME UCLUST,400(V4-V5),Yes,HC,50000,genus,Greengenes,30141,4476,15383,0.870699367,0.662090326,0.752199249
QIIME UCLUST,400(V4-V5),Yes,HC,100000,family,Greengenes,86990,3036,9974,0.966276409,0.897137082,0.930424087
QIIME UCLUST,400(V4-V5),Yes,HC,100000,genus,Greengenes,58578,7164,34258,0.891028566,0.63098367,0.738791005
QIIME UCLUST,200(V3),No,LC,25000,family,SILVA,22697,517,1786,0.977728957,0.927051423,0.951716041
QIIME UCLUST,200(V3),No,LC,25000,genus,SILVA,11730,820,12450,0.934661355,0.485111663,0.638714947
QIIME UCLUST,200(V3),No,LC,50000,family,SILVA,45337,658,4005,0.985694097,0.918831827,0.951089294
QIIME UCLUST,200(V3),No,LC,50000,genus,SILVA,22951,1906,25143,0.923321398,0.477211295,0.629216872
QIIME UCLUST,200(V3),No,LC,100000,family,SILVA,90043,2718,7239,0.970698893,0.925587467,0.947606594
QIIME UCLUST,200(V3),No,LC,100000,genus,SILVA,45633,3081,51286,0.936753295,0.470836472,0.626684886
QIIME UCLUST,200(V3),No,MC,25000,family,SILVA,24314,201,485,0.991800938,0.98044276,0.986089143
QIIME UCLUST,200(V3),No,MC,25000,genus,SILVA,18230,281,6489,0.984819837,0.737489381,0.84339579
QIIME UCLUST,200(V3),No,MC,50000,family,SILVA,48675,382,943,0.99221314,0.9809948,0.98657208
QIIME UCLUST,200(V3),No,MC,50000,genus,SILVA,36575,431,12994,0.98835324,0.737860356,0.84493214
QIIME UCLUST,200(V3),No,MC,100000,family,SILVA,97377,553,2070,0.994353109,0.979184892,0.986710711
QIIME UCLUST,200(V3),No,MC,100000,genus,SILVA,73372,646,25982,0.991272393,0.73849065,0.846411185
QIIME UCLUST,200(V3),No,HC,25000,family,SILVA,21155,727,3118,0.966776346,0.871544514,0.916693749
QIIME UCLUST,200(V3),No,HC,25000,genus,SILVA,16761,854,7385,0.951518592,0.694152241,0.802710663
QIIME UCLUST,200(V3),No,HC,50000,family,SILVA,43808,1518,4674,0.966509288,0.903593086,0.933992836
QIIME UCLUST,200(V3),No,HC,50000,genus,SILVA,33431,2255,14314,0.936809953,0.700198974,0.801404754
QIIME UCLUST,200(V3),No,HC,100000,family,SILVA,87729,3837,8434,0.9580958,0.91229475,0.9346345
QIIME UCLUST,200(V3),No,HC,100000,genus,SILVA,68251,11156,20593,0.859508608,0.768211697,0.811299784
QIIME UCLUST,400(V4-V5),No,LC,25000,family,SILVA,24276,232,492,0.990533703,0.980135659,0.985307249
QIIME UCLUST,400(V4-V5),No,LC,25000,genus,SILVA,13577,2119,9304,0.864997452,0.593374415,0.703890919
QIIME UCLUST,400(V4-V5),No,LC,50000,family,SILVA,48466,515,1019,0.989485719,0.979407901,0.984421018
QIIME UCLUST,400(V4-V5),No,LC,50000,genus,SILVA,27304,4258,18438,0.865090932,0.596913121,0.706405878
QIIME UCLUST,400(V4-V5),No,LC,100000,family,SILVA,96936,1007,2057,0.98971851,0.979220753,0.984441646
QIIME UCLUST,400(V4-V5),No,LC,100000,genus,SILVA,54191,8502,37307,0.864386774,0.592264312,0.702907433
QIIME UCLUST,400(V4-V5),No,MC,25000,family,SILVA,24768,90,142,0.996379435,0.994299478,0.99533837
QIIME UCLUST,400(V4-V5),No,MC,25000,genus,SILVA,18869,603,5528,0.969032457,0.773414764,0.860242996
QIIME UCLUST,400(V4-V5),No,MC,50000,family,SILVA,49570,136,294,0.997263912,0.994103963,0.99568143
QIIME UCLUST,400(V4-V5),No,MC,50000,genus,SILVA,37789,1148,11063,0.970516475,0.77354049,0.860905125
QIIME UCLUST,400(V4-V5),No,MC,100000,family,SILVA,99112,309,579,0.996892005,0.994192053,0.995540198
QIIME UCLUST,400(V4-V5),No,MC,100000,genus,SILVA,75389,2481,22130,0.968139206,0.773069863,0.859677631
QIIME UCLUST,400(V4-V5),No,HC,25000,family,SILVA,23906,373,721,0.984636929,0.97072319,0.977630557
QIIME UCLUST,400(V4-V5),No,HC,25000,genus,SILVA,19189,3245,2566,0.855353481,0.882050103,0.868496685
QIIME UCLUST,400(V4-V5),No,HC,50000,family,SILVA,47832,713,1455,0.985312597,0.970479031,0.977839562
QIIME UCLUST,400(V4-V5),No,HC,50000,genus,SILVA,38526,5937,5537,0.866473247,0.874339015,0.87038836
QIIME UCLUST,400(V4-V5),No,HC,100000,family,SILVA,95658,1462,2880,0.984946458,0.970772697,0.977808216
QIIME UCLUST,400(V4-V5),No,HC,100000,genus,SILVA,76949,12046,11005,0.864644081,0.874877777,0.869730826
QIIME UCLUST,200(V3),Yes,LC,25000,family,SILVA,21854,468,2678,0.979034137,0.890836459,0.932855252
QIIME UCLUST,200(V3),Yes,LC,25000,genus,SILVA,12620,1394,10986,0.900528043,0.534609845,0.670919724
QIIME UCLUST,200(V3),Yes,LC,50000,family,SILVA,40667,3688,5645,0.916852666,0.878109345,0.897062878
QIIME UCLUST,200(V3),Yes,LC,50000,genus,SILVA,25251,5161,19588,0.830297251,0.563148152,0.671114005
QIIME UCLUST,200(V3),Yes,LC,100000,family,SILVA,81778,8317,9905,0.907686331,0.891964704,0.899756846
QIIME UCLUST,200(V3),Yes,LC,100000,genus,SILVA,50553,12721,36726,0.798953757,0.579211494,0.671564167
QIIME UCLUST,200(V3),Yes,MC,25000,family,SILVA,21980,148,2872,0.993311641,0.88443586,0.935717327
QIIME UCLUST,200(V3),Yes,MC,25000,genus,SILVA,15227,1430,8343,0.914150207,0.646033093,0.75705372
QIIME UCLUST,200(V3),Yes,MC,50000,family,SILVA,43981,3383,2636,0.928574445,0.943454105,0.93595514
QIIME UCLUST,200(V3),Yes,MC,50000,genus,SILVA,29945,5681,14374,0.840537809,0.675669577,0.749140034
QIIME UCLUST,200(V3),Yes,MC,100000,family,SILVA,94901,557,4542,0.994164973,0.954325594,0.973838
QIIME UCLUST,200(V3),Yes,MC,100000,genus,SILVA,67289,3671,29040,0.948266629,0.698533152,0.804464131
QIIME UCLUST,200(V3),Yes,HC,25000,family,SILVA,20773,887,3340,0.959048938,0.861485506,0.907652983
QIIME UCLUST,200(V3),Yes,HC,25000,genus,SILVA,15669,1384,7947,0.91884126,0.663490854,0.770562345
QIIME UCLUST,200(V3),Yes,HC,50000,family,SILVA,42526,1776,5698,0.959911516,0.881843066,0.919222705
QIIME UCLUST,200(V3),Yes,HC,50000,genus,SILVA,32147,5388,12465,0.856453976,0.720590872,0.782670091
QIIME UCLUST,200(V3),Yes,HC,100000,family,SILVA,85405,2329,12266,0.973453849,0.874415128,0.92128044
QIIME UCLUST,200(V3),Yes,HC,100000,genus,SILVA,65251,5485,29264,0.922458154,0.690377189,0.789719881
QIIME UCLUST,400(V4-V5),Yes,LC,25000,family,SILVA,22874,205,1921,0.991117466,0.922524703,0.955591762
QIIME UCLUST,400(V4-V5),Yes,LC,25000,genus,SILVA,12272,2062,10666,0.856146226,0.535007411,0.65851041
QIIME UCLUST,400(V4-V5),Yes,LC,50000,family,SILVA,46041,387,3572,0.991664513,0.928002741,0.958778022
QIIME UCLUST,400(V4-V5),Yes,LC,50000,genus,SILVA,25383,11797,12820,0.682705756,0.66442426,0.673440961
QIIME UCLUST,400(V4-V5),Yes,LC,100000,family,SILVA,92581,808,6611,0.991348017,0.93335148,0.96147595
QIIME UCLUST,400(V4-V5),Yes,LC,100000,genus,SILVA,51171,9612,39217,0.841863679,0.566126034,0.676994926
QIIME UCLUST,400(V4-V5),Yes,MC,25000,family,SILVA,23607,72,1321,0.996959331,0.947007381,0.971341576
QIIME UCLUST,400(V4-V5),Yes,MC,25000,genus,SILVA,17660,867,6473,0.953203433,0.731778063,0.827941866
QIIME UCLUST,400(V4-V5),Yes,MC,50000,family,SILVA,47544,119,2337,0.997503304,0.953148493,0.974821619
QIIME UCLUST,400(V4-V5),Yes,MC,50000,genus,SILVA,35050,2841,12109,0.925021773,0.743230348,0.824221046
QIIME UCLUST,400(V4-V5),Yes,MC,100000,family,SILVA,95468,307,4225,0.996794571,0.957619893,0.976814619
QIIME UCLUST,400(V4-V5),Yes,MC,100000,genus,SILVA,70654,5227,24119,0.931115826,0.745507687,0.828038018
QIIME UCLUST,400(V4-V5),Yes,HC,25000,family,SILVA,22545,271,2184,0.98812237,0.91168264,0.948364707
QIIME UCLUST,400(V4-V5),Yes,HC,25000,genus,SILVA,17803,3020,4177,0.854968064,0.809963603,0.83185758
QIIME UCLUST,400(V4-V5),Yes,HC,50000,family,SILVA,45536,592,3872,0.987166146,0.921632124,0.953274158
QIIME UCLUST,400(V4-V5),Yes,HC,50000,genus,SILVA,36016,5388,8596,0.869867646,0.807316417,0.837425595
QIIME UCLUST,400(V4-V5),Yes,HC,100000,family,SILVA,90878,1821,7301,0.980355775,0.925635828,0.952210312
QIIME UCLUST,400(V4-V5),Yes,HC,100000,genus,SILVA,70962,14006,15032,0.835161473,0.825197107,0.83014939
QIIME SortMeRna SUMACLUST,200(V3),No,LC,25000,family,SILVA,21960,517,2523,0.97699871,0.896948903,0.935264055
QIIME SortMeRna SUMACLUST,200(V3),No,LC,25000,genus,SILVA,11968,1335,11697,0.899646696,0.505725755,0.647478901
QIIME SortMeRna SUMACLUST,200(V3),No,LC,50000,family,SILVA,43507,1422,5071,0.968350063,0.895611182,0.930561348
QIIME SortMeRna SUMACLUST,200(V3),No,LC,50000,genus,SILVA,22997,2618,24385,0.897794261,0.485353088,0.630080688
QIIME SortMeRna SUMACLUST,200(V3),No,LC,100000,family,SILVA,87786,2685,9529,0.970321982,0.902080871,0.934957878
QIIME SortMeRna SUMACLUST,200(V3),No,LC,100000,genus,SILVA,47167,4541,48292,0.912179933,0.494107418,0.640999681
QIIME SortMeRna SUMACLUST,200(V3),No,MC,25000,family,SILVA,24052,144,804,0.994048603,0.967653685,0.980673571
QIIME SortMeRna SUMACLUST,200(V3),No,MC,25000,genus,SILVA,18253,415,6332,0.977769445,0.74244458,0.84401082
QIIME SortMeRna SUMACLUST,200(V3),No,MC,50000,family,SILVA,48273,284,1443,0.994151204,0.970975139,0.982426506
QIIME SortMeRna SUMACLUST,200(V3),No,MC,50000,genus,SILVA,36525,641,12834,0.982753054,0.739986629,0.844264663
QIIME SortMeRna SUMACLUST,200(V3),No,MC,100000,family,SILVA,97203,944,1853,0.990381774,0.98129341,0.985816646
QIIME SortMeRna SUMACLUST,200(V3),No,MC,100000,genus,SILVA,74073,1823,24104,0.975980289,0.754484248,0.851056741
QIIME SortMeRna SUMACLUST,200(V3),No,HC,25000,family,SILVA,20391,727,3882,0.965574392,0.840069213,0.898460047
QIIME SortMeRna SUMACLUST,200(V3),No,HC,25000,genus,SILVA,16157,1780,7063,0.900763784,0.695822567,0.78513983
QIIME SortMeRna SUMACLUST,200(V3),No,HC,50000,family,SILVA,42188,1033,6779,0.976099581,0.861559826,0.915260121
QIIME SortMeRna SUMACLUST,200(V3),No,HC,50000,genus,SILVA,34481,3777,11742,0.90127555,0.745970621,0.81630189
QIIME SortMeRna SUMACLUST,200(V3),No,HC,100000,family,SILVA,81541,3848,14611,0.954935647,0.848042682,0.89832049
QIIME SortMeRna SUMACLUST,200(V3),No,HC,100000,genus,SILVA,67429,9222,23349,0.879688458,0.742790103,0.805463809
QIIME SortMeRna SUMACLUST,400(V4-V5),No,LC,25000,family,SILVA,23632,155,1213,0.993483836,0.951177299,0.971870373
QIIME SortMeRna SUMACLUST,400(V4-V5),No,LC,25000,genus,SILVA,13713,2254,9033,0.858833845,0.602875231,0.708444192
QIIME SortMeRna SUMACLUST,400(V4-V5),No,LC,50000,family,SILVA,47254,352,2394,0.992605974,0.951780535,0.971764657
QIIME SortMeRna SUMACLUST,400(V4-V5),No,LC,50000,genus,SILVA,27299,4446,18255,0.859946448,0.599266804,0.706322203
QIIME SortMeRna SUMACLUST,400(V4-V5),No,LC,100000,family,SILVA,94483,689,4828,0.992760476,0.951385043,0.971632482
QIIME SortMeRna SUMACLUST,400(V4-V5),No,LC,100000,genus,SILVA,54867,6785,38348,0.889946798,0.588606984,0.708569288
QIIME SortMeRna SUMACLUST,400(V4-V5),No,MC,25000,family,SILVA,24613,110,277,0.995550702,0.988871033,0.992199625
QIIME SortMeRna SUMACLUST,400(V4-V5),No,MC,25000,genus,SILVA,18830,528,5642,0.972724455,0.769450801,0.859228839
QIIME SortMeRna SUMACLUST,400(V4-V5),No,MC,50000,family,SILVA,49226,190,584,0.996155091,0.988275447,0.992199625
QIIME SortMeRna SUMACLUST,400(V4-V5),No,MC,50000,genus,SILVA,37789,1109,11102,0.971489537,0.772923442,0.860905125
QIIME SortMeRna SUMACLUST,400(V4-V5),No,MC,100000,family,SILVA,98390,417,1193,0.995779651,0.988020044,0.991884672
QIIME SortMeRna SUMACLUST,400(V4-V5),No,MC,100000,genus,SILVA,75176,2797,22027,0.964128609,0.773391768,0.85829109
QIIME SortMeRna SUMACLUST,400(V4-V5),No,HC,25000,family,SILVA,23106,485,1409,0.979441312,0.942524985,0.960628612
QIIME SortMeRna SUMACLUST,400(V4-V5),No,HC,25000,genus,SILVA,18951,3142,2907,0.857783008,0.867005215,0.862369457
QIIME SortMeRna SUMACLUST,400(V4-V5),No,HC,50000,family,SILVA,46160,964,2876,0.979543332,0.941349213,0.960066556
QIIME SortMeRna SUMACLUST,400(V4-V5),No,HC,50000,genus,SILVA,38038,7116,4846,0.842405988,0.886997482,0.864126854
QIIME SortMeRna SUMACLUST,400(V4-V5),No,HC,100000,family,SILVA,92283,1954,5763,0.979265045,0.941221467,0.959866447
QIIME SortMeRna SUMACLUST,400(V4-V5),No,HC,100000,genus,SILVA,75995,13466,10539,0.849476308,0.878209721,0.86360408
QIIME SortMeRna SUMACLUST,200(V3),Yes,LC,25000,family,SILVA,21622,523,2855,0.976382931,0.883359889,0.927544936
QIIME SortMeRna SUMACLUST,200(V3),Yes,LC,25000,genus,SILVA,11614,1578,11808,0.88038205,0.495858594,0.634402141
QIIME SortMeRna SUMACLUST,200(V3),Yes,LC,50000,family,SILVA,43542,1079,5379,0.975818561,0.890047219,0.930961493
QIIME SortMeRna SUMACLUST,200(V3),Yes,LC,50000,genus,SILVA,22592,4645,22763,0.829459926,0.498114872,0.622437734
QIIME SortMeRna SUMACLUST,200(V3),Yes,LC,100000,family,SILVA,85847,3676,10477,0.958937927,0.891231676,0.923845959
QIIME SortMeRna SUMACLUST,200(V3),Yes,LC,100000,genus,SILVA,46010,10674,43316,0.811692894,0.515079596,0.630230806
QIIME SortMeRna SUMACLUST,200(V3),Yes,MC,25000,family,SILVA,23715,218,1067,0.990891238,0.956944557,0.973622088
QIIME SortMeRna SUMACLUST,200(V3),Yes,MC,25000,genus,SILVA,14756,4269,5975,0.775611038,0.711784284,0.742328202
QIIME SortMeRna SUMACLUST,200(V3),Yes,MC,50000,family,SILVA,47743,441,1816,0.990847584,0.963356807,0.976908832
QIIME SortMeRna SUMACLUST,200(V3),Yes,MC,50000,genus,SILVA,36989,1119,11892,0.970636087,0.756715288,0.850429365
QIIME SortMeRna SUMACLUST,200(V3),Yes,MC,100000,family,SILVA,95924,368,3708,0.996178291,0.962783042,0.979196015
QIIME SortMeRna SUMACLUST,200(V3),Yes,MC,100000,genus,SILVA,73079,17595,9326,0.805953195,0.886827256,0.844458311
QIIME SortMeRna SUMACLUST,200(V3),Yes,HC,25000,family,SILVA,20247,956,3797,0.954912041,0.842081184,0.894954362
QIIME SortMeRna SUMACLUST,200(V3),Yes,HC,25000,genus,SILVA,16488,2063,6449,0.888793057,0.718838558,0.794832241
QIIME SortMeRna SUMACLUST,200(V3),Yes,HC,50000,family,SILVA,39727,1289,8984,0.96857324,0.815565273,0.885508264
QIIME SortMeRna SUMACLUST,200(V3),Yes,HC,50000,genus,SILVA,32620,4459,12921,0.879743251,0.71627764,0.789639313
QIIME SortMeRna SUMACLUST,200(V3),Yes,HC,100000,family,SILVA,82491,2252,15257,0.973425534,0.843914965,0.904055542
QIIME SortMeRna SUMACLUST,200(V3),Yes,HC,100000,genus,SILVA,65169,11290,23541,0.852339162,0.734629692,0.789119024
QIIME SortMeRna SUMACLUST,400(V4-V5),Yes,LC,25000,family,SILVA,22893,180,1927,0.992198674,0.922360999,0.956006097
QIIME SortMeRna SUMACLUST,400(V4-V5),Yes,LC,25000,genus,SILVA,20213,2255,2532,0.899635036,0.888678831,0.894123372
QIIME SortMeRna SUMACLUST,400(V4-V5),Yes,LC,50000,family,SILVA,46339,359,3302,0.992312305,0.933482404,0.961998775
QIIME SortMeRna SUMACLUST,400(V4-V5),Yes,LC,50000,genus,SILVA,26035,5363,18602,0.829192942,0.583260524,0.684816203
QIIME SortMeRna SUMACLUST,400(V4-V5),Yes,LC,100000,family,SILVA,92478,1346,6176,0.98565399,0.937397369,0.960920209
QIIME SortMeRna SUMACLUST,400(V4-V5),Yes,LC,100000,genus,SILVA,53659,8057,38284,0.869450386,0.583611585,0.698416624
QIIME SortMeRna SUMACLUST,400(V4-V5),Yes,MC,25000,family,SILVA,24159,59,782,0.997563796,0.968646005,0.982892248
QIIME SortMeRna SUMACLUST,400(V4-V5),Yes,MC,25000,genus,SILVA,18719,556,5725,0.971154345,0.765791196,0.856332487
QIIME SortMeRna SUMACLUST,400(V4-V5),Yes,MC,50000,family,SILVA,48628,90,1282,0.998152634,0.974313765,0.986089143
QIIME SortMeRna SUMACLUST,400(V4-V5),Yes,MC,50000,genus,SILVA,34033,13019,2948,0.723306129,0.920283389,0.809991313
QIIME SortMeRna SUMACLUST,400(V4-V5),Yes,MC,100000,family,SILVA,97397,233,2370,0.997613438,0.97624465,0.986813376
QIIME SortMeRna SUMACLUST,400(V4-V5),Yes,MC,100000,genus,SILVA,74126,3073,22801,0.960193785,0.764761109,0.851406453
QIIME SortMeRna SUMACLUST,400(V4-V5),Yes,HC,25000,family,SILVA,22031,279,2690,0.987494397,0.891185632,0.936871425
QIIME SortMeRna SUMACLUST,400(V4-V5),Yes,HC,25000,genus,SILVA,18185,3119,3696,0.853595569,0.831086331,0.842190575
QIIME SortMeRna SUMACLUST,400(V4-V5),Yes,HC,50000,family,SILVA,44793,486,4721,0.989266547,0.904653229,0.945069784
QIIME SortMeRna SUMACLUST,400(V4-V5),Yes,HC,50000,genus,SILVA,37715,4660,7625,0.890029499,0.831826202,0.859944137
QIIME SortMeRna SUMACLUST,400(V4-V5),Yes,HC,100000,family,SILVA,90329,979,8692,0.989278048,0.91222064,0.949187985
QIIME SortMeRna SUMACLUST,400(V4-V5),Yes,HC,100000,genus,SILVA,71561,13602,14837,0.840282752,0.828271488,0.834233888
QIIME SortMeRna SUMACLUST,200(V3),No,LC,25000,family,Greengenes,22170,1305,1525,0.944408946,0.93564043,0.94000424
QIIME SortMeRna SUMACLUST,200(V3),No,LC,25000,genus,Greengenes,9648,1834,13518,0.84027173,0.416472416,0.556915262
QIIME SortMeRna SUMACLUST,200(V3),No,LC,50000,family,Greengenes,44638,2670,2692,0.943561343,0.943122755,0.943341998
QIIME SortMeRna SUMACLUST,200(V3),No,LC,50000,genus,Greengenes,19743,4699,25558,0.807748957,0.435818194,0.566164346
QIIME SortMeRna SUMACLUST,200(V3),No,LC,100000,family,Greengenes,90018,5133,4849,0.946054167,0.948886336,0.947468135
QIIME SortMeRna SUMACLUST,200(V3),No,LC,100000,genus,Greengenes,39509,6468,54023,0.859320965,0.422411581,0.566400734
QIIME SortMeRna SUMACLUST,200(V3),No,MC,25000,family,Greengenes,24259,333,408,0.986459011,0.983459683,0.984957064
QIIME SortMeRna SUMACLUST,200(V3),No,MC,25000,genus,Greengenes,17890,577,6533,0.968755077,0.732506244,0.834227093
QIIME SortMeRna SUMACLUST,200(V3),No,MC,50000,family,Greengenes,48359,845,796,0.982826599,0.983806327,0.983316219
QIIME SortMeRna SUMACLUST,200(V3),No,MC,50000,genus,Greengenes,35768,1550,12682,0.958465084,0.738245614,0.834063987
QIIME SortMeRna SUMACLUST,200(V3),No,MC,100000,family,Greengenes,97140,1476,1384,0.985032855,0.985952661,0.985492543
QIIME SortMeRna SUMACLUST,200(V3),No,MC,100000,genus,Greengenes,71268,2630,26102,0.964410404,0.731929752,0.832239531
QIIME SortMeRna SUMACLUST,200(V3),No,HC,25000,family,Greengenes,21147,1904,1949,0.917400547,0.915613093,0.916505948
QIIME SortMeRna SUMACLUST,200(V3),No,HC,25000,genus,Greengenes,13677,3527,7796,0.794989537,0.636939412,0.70724203
QIIME SortMeRna SUMACLUST,200(V3),No,HC,50000,family,Greengenes,42336,3738,3926,0.918869644,0.915135532,0.916998787
QIIME SortMeRna SUMACLUST,200(V3),No,HC,50000,genus,Greengenes,28585,5543,15872,0.837582044,0.642980858,0.727492524
QIIME SortMeRna SUMACLUST,200(V3),No,HC,100000,family,Greengenes,85790,6369,7841,0.930891177,0.916256368,0.923515797
QIIME SortMeRna SUMACLUST,200(V3),No,HC,100000,genus,Greengenes,56138,12286,31576,0.820443119,0.640011857,0.719081838
QIIME SortMeRna SUMACLUST,400(V4-V5),No,LC,25000,family,Greengenes,22986,482,1532,0.979461394,0.937515295,0.958029425
QIIME SortMeRna SUMACLUST,400(V4-V5),No,LC,25000,genus,Greengenes,11116,9575,4309,0.537238413,0.720648298,0.615572046
QIIME SortMeRna SUMACLUST,400(V4-V5),No,LC,50000,family,Greengenes,45870,1039,3091,0.977850732,0.93686812,0.95692083
QIIME SortMeRna SUMACLUST,400(V4-V5),No,LC,50000,genus,Greengenes,21922,18234,9844,0.545920908,0.690108921,0.60960485
QIIME SortMeRna SUMACLUST,400(V4-V5),No,LC,100000,family,Greengenes,91778,2055,6167,0.978099389,0.937036092,0.957127512
QIIME SortMeRna SUMACLUST,400(V4-V5),No,LC,100000,genus,Greengenes,43364,36971,19665,0.539789631,0.688000762,0.604949639
QIIME SortMeRna SUMACLUST,400(V4-V5),No,MC,25000,family,Greengenes,24557,160,283,0.993526722,0.988607085,0.991060799
QIIME SortMeRna SUMACLUST,400(V4-V5),No,MC,25000,genus,Greengenes,8200,5465,11335,0.60007318,0.419759406,0.493975904
QIIME SortMeRna SUMACLUST,400(V4-V5),No,MC,50000,family,Greengenes,48856,285,859,0.994200362,0.982721513,0.988427612
QIIME SortMeRna SUMACLUST,400(V4-V5),No,MC,50000,genus,Greengenes,16555,10950,22495,0.601890565,0.423943662,0.497483285
QIIME SortMeRna SUMACLUST,400(V4-V5),No,MC,100000,family,Greengenes,98236,585,1179,0.994080206,0.988140623,0.991101515
QIIME SortMeRna SUMACLUST,400(V4-V5),No,MC,100000,genus,Greengenes,32568,22217,45215,0.594469289,0.418703316,0.491340293
QIIME SortMeRna SUMACLUST,400(V4-V5),No,HC,25000,family,Greengenes,22855,737,1408,0.968760597,0.941969254,0.955177097
QIIME SortMeRna SUMACLUST,400(V4-V5),No,HC,25000,genus,Greengenes,15326,2619,7055,0.854054054,0.684777266,0.760105143
QIIME SortMeRna SUMACLUST,400(V4-V5),No,HC,50000,family,Greengenes,45694,1489,2817,0.968442024,0.941930696,0.955002403
QIIME SortMeRna SUMACLUST,400(V4-V5),No,HC,50000,genus,Greengenes,30490,5767,13743,0.84094106,0.689304366,0.757609641
QIIME SortMeRna SUMACLUST,400(V4-V5),No,HC,100000,family,Greengenes,91402,2872,5726,0.969535609,0.941046866,0.955078839
QIIME SortMeRna SUMACLUST,400(V4-V5),No,HC,100000,genus,Greengenes,60623,10569,28808,0.851542308,0.677874563,0.754848309
QIIME SortMeRna SUMACLUST,200(V3),Yes,LC,25000,family,Greengenes,15046,1323,8631,0.919176492,0.635469021,0.751435849
QIIME SortMeRna SUMACLUST,200(V3),Yes,LC,25000,genus,Greengenes,9623,2750,12627,0.777741857,0.432494382,0.555873263
QIIME SortMeRna SUMACLUST,200(V3),Yes,LC,50000,family,Greengenes,44183,1697,4120,0.963012206,0.914705091,0.938237262
QIIME SortMeRna SUMACLUST,200(V3),Yes,LC,50000,genus,Greengenes,20027,3660,26313,0.845484865,0.432175227,0.571979379
QIIME SortMeRna SUMACLUST,200(V3),Yes,LC,100000,family,Greengenes,85280,6955,7765,0.924594785,0.916545757,0.920552677
QIIME SortMeRna SUMACLUST,200(V3),Yes,LC,100000,genus,Greengenes,40970,37697,21333,0.520802878,0.657592732,0.581258424
QIIME SortMeRna SUMACLUST,200(V3),Yes,MC,25000,family,Greengenes,23938,289,773,0.98807116,0.968718385,0.978299072
QIIME SortMeRna SUMACLUST,200(V3),Yes,MC,25000,genus,Greengenes,13321,5608,6071,0.70373501,0.686932756,0.695232379
QIIME SortMeRna SUMACLUST,200(V3),Yes,MC,50000,family,Greengenes,47978,539,1483,0.988890492,0.970016781,0.979362714
QIIME SortMeRna SUMACLUST,200(V3),Yes,MC,50000,genus,Greengenes,26521,10957,12522,0.707641817,0.679276695,0.693169195
QIIME SortMeRna SUMACLUST,200(V3),Yes,MC,100000,family,Greengenes,96281,1077,2642,0.988937735,0.973292359,0.981052674
QIIME SortMeRna SUMACLUST,200(V3),Yes,MC,100000,genus,Greengenes,51356,22396,26248,0.696333659,0.661770012,0.678612014
QIIME SortMeRna SUMACLUST,200(V3),Yes,HC,25000,family,Greengenes,20316,1614,3070,0.926402189,0.868724878,0.896636949
QIIME SortMeRna SUMACLUST,200(V3),Yes,HC,25000,genus,Greengenes,14302,2559,8139,0.848229642,0.637315628,0.727800112
QIIME SortMeRna SUMACLUST,200(V3),Yes,HC,50000,family,Greengenes,41200,2891,5909,0.934431063,0.874567492,0.903508772
QIIME SortMeRna SUMACLUST,200(V3),Yes,HC,50000,genus,Greengenes,26830,5459,17711,0.830933135,0.602366359,0.698425094
QIIME SortMeRna SUMACLUST,200(V3),Yes,HC,100000,family,Greengenes,80886,7714,11400,0.912934537,0.876470971,0.894331236
QIIME SortMeRna SUMACLUST,200(V3),Yes,HC,100000,genus,Greengenes,53885,13425,32690,0.800549695,0.622408316,0.700328167
QIIME SortMeRna SUMACLUST,400(V4-V5),Yes,LC,25000,family,Greengenes,22867,482,1651,0.979356718,0.932661718,0.955439029
QIIME SortMeRna SUMACLUST,400(V4-V5),Yes,LC,25000,genus,Greengenes,10877,7053,7070,0.606636921,0.606062295,0.606349472
QIIME SortMeRna SUMACLUST,400(V4-V5),Yes,LC,50000,family,Greengenes,46207,854,2939,0.981853339,0.940198592,0.960574594
QIIME SortMeRna SUMACLUST,400(V4-V5),Yes,LC,50000,genus,Greengenes,22079,2313,25608,0.905173827,0.462998301,0.612633361
QIIME SortMeRna SUMACLUST,400(V4-V5),Yes,LC,100000,family,Greengenes,91895,2284,5821,0.975748309,0.940429408,0.95776336
QIIME SortMeRna SUMACLUST,400(V4-V5),Yes,LC,100000,genus,Greengenes,44646,11880,43474,0.789831228,0.506650023,0.617313994
QIIME SortMeRna SUMACLUST,400(V4-V5),Yes,MC,25000,family,Greengenes,24175,149,676,0.993874363,0.972797875,0.983223183
QIIME SortMeRna SUMACLUST,400(V4-V5),Yes,MC,25000,genus,Greengenes,9019,3182,12799,0.739201705,0.413374278,0.530233105
QIIME SortMeRna SUMACLUST,400(V4-V5),Yes,MC,50000,family,Greengenes,48467,278,1255,0.994296851,0.974759664,0.984431332
QIIME SortMeRna SUMACLUST,400(V4-V5),Yes,MC,50000,genus,Greengenes,16290,2423,31287,0.870517822,0.342392332,0.491476844
QIIME SortMeRna SUMACLUST,400(V4-V5),Yes,MC,100000,family,Greengenes,97170,561,2269,0.994259754,0.977181991,0.985646904
QIIME SortMeRna SUMACLUST,400(V4-V5),Yes,MC,100000,genus,Greengenes,36261,19661,44078,0.648421015,0.451349905,0.532228591
QIIME SortMeRna SUMACLUST,400(V4-V5),Yes,HC,25000,family,Greengenes,22055,882,2063,0.961546846,0.914462227,0.937413665
QIIME SortMeRna SUMACLUST,400(V4-V5),Yes,HC,25000,genus,Greengenes,14913,2349,7738,0.863920751,0.658381528,0.747275324
QIIME SortMeRna SUMACLUST,400(V4-V5),Yes,HC,50000,family,Greengenes,44573,1516,3911,0.967107119,0.919334213,0.942615757
QIIME SortMeRna SUMACLUST,400(V4-V5),Yes,HC,50000,genus,Greengenes,30913,4418,14669,0.874954006,0.678184371,0.764104656
QIIME SortMeRna SUMACLUST,400(V4-V5),Yes,HC,100000,family,Greengenes,89433,2876,7691,0.968843775,0.920812569,0.944217745
QIIME SortMeRna SUMACLUST,400(V4-V5),Yes,HC,100000,genus,Greengenes,62554,8838,28608,0.876204617,0.686185033,0.769639627
CLARK,200(V3),No,LC,25000,family,RefSeq Bacteria,15308,175,9517,0.988697281,0.616636455,0.759551454
CLARK,200(V3),No,LC,25000,genus,RefSeq Bacteria,14807,676,9517,0.956339211,0.608740339,0.743939508
CLARK,200(V3),No,LC,50000,family,RefSeq Bacteria,30573,341,19086,0.988969399,0.615658793,0.758889454
CLARK,200(V3),No,LC,50000,genus,RefSeq Bacteria,29518,1396,19086,0.954842466,0.60731627,0.742423099
CLARK,200(V3),No,LC,100000,family,RefSeq Bacteria,60751,703,38546,0.988560549,0.611811032,0.755839777
CLARK,200(V3),No,LC,100000,genus,RefSeq Bacteria,58675,2779,38546,0.954779184,0.603521873,0.739561998
CLARK,200(V3),No,MC,25000,family,RefSeq Bacteria,14507,45,10448,0.996907642,0.581326387,0.734401498
CLARK,200(V3),No,MC,25000,genus,RefSeq Bacteria,14360,192,10448,0.986805937,0.578845534,0.729674797
CLARK,200(V3),No,MC,50000,family,RefSeq Bacteria,28848,103,21049,0.996442265,0.578150991,0.731737013
CLARK,200(V3),No,MC,50000,genus,RefSeq Bacteria,28528,423,21049,0.985389106,0.575428122,0.726568867
CLARK,200(V3),No,MC,100000,family,RefSeq Bacteria,57633,186,42181,0.996783064,0.577403971,0.731230136
CLARK,200(V3),No,MC,100000,genus,RefSeq Bacteria,57023,796,42181,0.986232899,0.574805451,0.726301242
CLARK,200(V3),No,HC,25000,family,RefSeq Bacteria,21747,234,3019,0.989354442,0.878099007,0.930412647
CLARK,200(V3),No,HC,25000,genus,RefSeq Bacteria,21052,929,3019,0.957736227,0.874579369,0.914270824
CLARK,200(V3),No,HC,50000,family,RefSeq Bacteria,43190,467,6343,0.989302975,0.871943957,0.92692349
CLARK,200(V3),No,HC,50000,genus,RefSeq Bacteria,41752,1905,6343,0.956364386,0.868115189,0.910105502
CLARK,200(V3),No,HC,100000,family,RefSeq Bacteria,86851,965,12184,0.989011114,0.876972787,0.929628421
CLARK,200(V3),No,HC,100000,genus,RefSeq Bacteria,83877,3939,12184,0.955144848,0.873163927,0.912316385
CLARK,400(V4-V5),No,LC,25000,family,RefSeq Bacteria,24315,0,685,1,0.9726,0.986109703
CLARK,400(V4-V5),No,LC,25000,genus,RefSeq Bacteria,23653,662,685,0.972774008,0.971854713,0.972314143
CLARK,400(V4-V5),No,LC,50000,family,RefSeq Bacteria,48649,0,1351,1,0.97298,0.98630498
CLARK,400(V4-V5),No,LC,50000,genus,RefSeq Bacteria,47280,1369,1351,0.971859648,0.972219366,0.972039474
CLARK,400(V4-V5),No,LC,100000,family,RefSeq Bacteria,97185,0,2815,1,0.97185,0.985724066
CLARK,400(V4-V5),No,LC,100000,genus,RefSeq Bacteria,94481,2704,2815,0.972176776,0.97106767,0.971621907
CLARK,400(V4-V5),No,MC,25000,family,RefSeq Bacteria,24781,0,219,1,0.99124,0.995600731
CLARK,400(V4-V5),No,MC,25000,genus,RefSeq Bacteria,24602,179,219,0.992776724,0.991176826,0.99197613
CLARK,400(V4-V5),No,MC,50000,family,RefSeq Bacteria,49617,0,383,1,0.99234,0.996155275
CLARK,400(V4-V5),No,MC,50000,genus,RefSeq Bacteria,49215,402,383,0.991897938,0.992277914,0.99208789
CLARK,400(V4-V5),No,MC,100000,family,RefSeq Bacteria,99212,0,788,1,0.99212,0.996044415
CLARK,400(V4-V5),No,MC,100000,genus,RefSeq Bacteria,98413,799,788,0.991946539,0.992056532,0.992001532
CLARK,400(V4-V5),No,HC,25000,family,RefSeq Bacteria,24011,0,989,1,0.96044,0.979820857
CLARK,400(V4-V5),No,HC,25000,genus,RefSeq Bacteria,23007,1004,989,0.958185831,0.958784797,0.958485221
CLARK,400(V4-V5),No,HC,50000,family,RefSeq Bacteria,48107,0,1893,1,0.96214,0.980704741
CLARK,400(V4-V5),No,HC,50000,genus,RefSeq Bacteria,46198,1909,1893,0.960317625,0.960637125,0.960477349
CLARK,400(V4-V5),No,HC,100000,family,RefSeq Bacteria,96165,0,3835,1,0.96165,0.980450131
CLARK,400(V4-V5),No,HC,100000,genus,RefSeq Bacteria,92247,3918,3835,0.959257526,0.960086176,0.959671672
CLARK,200(V3),Yes,LC,25000,family,RefSeq Bacteria,14494,1412,9094,0.911228467,0.614464982,0.733984909
CLARK,200(V3),Yes,LC,25000,genus,RefSeq Bacteria,14082,1812,9106,0.885994715,0.607296878,0.720638657
CLARK,200(V3),Yes,LC,50000,family,RefSeq Bacteria,28848,2881,18271,0.909199786,0.612237102,0.731737013
CLARK,200(V3),Yes,LC,50000,genus,RefSeq Bacteria,28029,3685,18286,0.88380526,0.605181907,0.718425201
CLARK,200(V3),Yes,LC,100000,family,RefSeq Bacteria,57365,5827,36808,0.907788961,0.609144872,0.729069361
CLARK,200(V3),Yes,LC,100000,genus,RefSeq Bacteria,55760,7414,36826,0.882641593,0.60225088,0.715973292
CLARK,200(V3),Yes,MC,25000,family,RefSeq Bacteria,11303,3117,10580,0.783841886,0.516519673,0.622703358
CLARK,200(V3),Yes,MC,25000,genus,RefSeq Bacteria,11177,3234,10589,0.775588092,0.513507305,0.617906405
CLARK,200(V3),Yes,MC,50000,family,RefSeq Bacteria,22477,6124,21399,0.785881613,0.51228462,0.620251942
CLARK,200(V3),Yes,MC,50000,genus,RefSeq Bacteria,22204,6390,21406,0.776526544,0.509149278,0.615035178
CLARK,200(V3),Yes,MC,100000,family,RefSeq Bacteria,44780,12371,42849,0.783538346,0.511018042,0.618593728
CLARK,200(V3),Yes,MC,100000,genus,RefSeq Bacteria,44250,12893,42857,0.774373064,0.507995913,0.613518198
CLARK,200(V3),Yes,HC,25000,family,RefSeq Bacteria,20355,1524,3121,0.930344166,0.867055716,0.897585713
CLARK,200(V3),Yes,HC,25000,genus,RefSeq Bacteria,19800,2061,3139,0.90572252,0.863158813,0.883928571
CLARK,200(V3),Yes,HC,50000,family,RefSeq Bacteria,40545,3009,6446,0.930913349,0.862824796,0.895576785
CLARK,200(V3),Yes,HC,50000,genus,RefSeq Bacteria,39387,4155,6458,0.904574893,0.859134039,0.881269088
CLARK,200(V3),Yes,HC,100000,family,RefSeq Bacteria,81603,6062,12335,0.930850396,0.868689987,0.898696607
CLARK,200(V3),Yes,HC,100000,genus,RefSeq Bacteria,79335,8313,12352,0.90515471,0.865280792,0.884768729
CLARK,400(V4-V5),Yes,LC,25000,family,RefSeq Bacteria,24083,441,476,0.982017615,0.980618103,0.98131736
CLARK,400(V4-V5),Yes,LC,25000,genus,RefSeq Bacteria,23378,1126,496,0.954048319,0.979224261,0.966472363
CLARK,400(V4-V5),Yes,LC,50000,family,RefSeq Bacteria,48150,878,972,0.982091866,0.980212532,0.981151299
CLARK,400(V4-V5),Yes,LC,50000,genus,RefSeq Bacteria,46713,2282,1005,0.953423819,0.978938765,0.966012842
CLARK,400(V4-V5),Yes,LC,100000,family,RefSeq Bacteria,96178,1902,1920,0.980607667,0.980427736,0.980517693
CLARK,400(V4-V5),Yes,LC,100000,genus,RefSeq Bacteria,93307,4746,1947,0.951597605,0.979559913,0.965376318
CLARK,400(V4-V5),Yes,MC,25000,family,RefSeq Bacteria,24625,206,169,0.991703918,0.993183835,0.992443325
CLARK,400(V4-V5),Yes,MC,25000,genus,RefSeq Bacteria,24445,371,184,0.985049968,0.992529132,0.988775407
CLARK,400(V4-V5),Yes,MC,50000,family,RefSeq Bacteria,49343,376,281,0.992437499,0.994337417,0.99338655
CLARK,400(V4-V5),Yes,MC,50000,genus,RefSeq Bacteria,48915,787,298,0.984165627,0.993944689,0.989030986
CLARK,400(V4-V5),Yes,MC,100000,family,RefSeq Bacteria,98621,754,625,0.992412579,0.993702517,0.993057129
CLARK,400(V4-V5),Yes,MC,100000,genus,RefSeq Bacteria,97763,1594,643,0.983956842,0.993465846,0.988688481
CLARK,400(V4-V5),Yes,HC,25000,family,RefSeq Bacteria,23755,549,696,0.977411126,0.971534907,0.974464158
CLARK,400(V4-V5),Yes,HC,25000,genus,RefSeq Bacteria,22677,1611,712,0.933670949,0.969558339,0.951276297
CLARK,400(V4-V5),Yes,HC,50000,family,RefSeq Bacteria,47593,1117,1290,0.977068364,0.973610458,0.975336346
CLARK,400(V4-V5),Yes,HC,50000,genus,RefSeq Bacteria,45577,3107,1316,0.936180265,0.97193611,0.953723176
CLARK,400(V4-V5),Yes,HC,100000,family,RefSeq Bacteria,95165,2242,2593,0.976983174,0.973475317,0.975226091
CLARK,400(V4-V5),Yes,HC,100000,genus,RefSeq Bacteria,90961,6422,2617,0.934054198,0.972034025,0.952665728
